Date,District,Maximum_Temperature,Minimum_Temperature,Humidity,Rainfall,Wind_Speed,River_Level,Pressure,Cloud_Cover
2021-01-01,Jorhat,24.8,11.7,62.0,0.0,17.0,3.73,1013.2,11.5
2021-01-02,Dhemaji,20.3,11.6,68.8,0.0,5.1,4.99,1009.1,25.4
2021-01-03,Cachar,23.1,8.7,55.8,0.0,15.3,4.18,1012.6,29.6
2021-01-04,Cachar,24.3,11.4,59.0,0.0,5.3,4.91,1010.4,24.1
2021-01-05,Jorhat,22.2,8.6,59.9,0.0,11.2,4.86,1012.1,16.5
2021-01-06,Dibrugarh,22.8,8.2,66.8,0.0,11.5,4.09,1012.4,33.2
2021-01-07,Jorhat,20.2,9.6,57.8,0.0,15.9,4.74,1009.8,18.9
2021-01-08,Lakhimpur,20.4,12.9,65.4,0.0,19.6,3.51,1013.6,30.4
2021-01-09,Lakhimpur,24.6,11.3,68.3,0.0,18.4,4.17,1013.0,12.4
2021-01-10,Jorhat,23.2,12.4,59.4,0.0,20.4,4.57,1012.0,29.0
2021-01-11,Kamrup Metropolitan,23.6,8.6,58.8,0.0,18.9,4.84,1009.8,21.9
2021-01-12,Lakhimpur,22.7,9.0,68.9,0.0,10.9,4.54,1009.6,32.0
2021-01-13,Jorhat,24.0,8.9,67.9,0.0,7.2,4.71,1010.4,32.4
2021-01-14,Dhemaji,20.0,9.8,56.1,0.0,10.4,4.3,1010.5,22.1
2021-01-15,Cachar,21.6,10.6,64.1,0.0,14.9,4.96,1010.8,34.1
2021-01-17,Dibrugarh,24.9,9.2,63.4,0.0,17.6,3.86,1012.8,28.2
2021-01-18,Cachar,24.1,12.0,53.0,0.0,9.4,4.54,1013.3,31.5
2021-01-19,Cachar,21.7,8.5,68.8,0.0,19.7,4.28,1010.3,30.9
2021-01-20,Dhemaji,23.5,9.1,53.5,0.0,24.3,4.27,1012.3,16.5
2021-01-21,Cachar,20.9,9.4,64.0,0.0,22.0,4.78,1014.6,20.1
2021-01-22,Jorhat,24.5,11.0,50.2,0.0,16.0,4.5,1013.2,10.1
2021-01-23,Lakhimpur,21.1,11.6,54.7,0.0,18.2,4.62,1012.4,26.2
2021-01-24,Jorhat,22.5,11.2,55.0,0.0,13.7,4.97,1011.1,22.2
2021-01-25,Kamrup Metropolitan,22.9,10.5,53.9,0.0,8.5,3.92,1014.6,10.6
2021-01-26,Lakhimpur,21.4,12.4,65.0,0.0,24.6,4.0,1009.5,23.8
2021-01-27,Lakhimpur,21.9,12.3,56.3,0.0,16.4,4.34,1009.6,33.4
2021-01-28,Dhemaji,21.8,9.3,55.9,0.0,16.1,4.77,1010.8,13.4
2021-01-29,Dibrugarh,24.1,12.3,68.3,0.0,19.0,4.25,1013.8,30.0
2021-01-30,Jorhat,24.4,8.1,61.6,0.0,24.6,4.51,1014.0,18.2
2021-01-31,Dibrugarh,20.2,8.2,66.5,0.0,9.3,3.69,1012.7,23.1
2021-02-01,Jorhat,24.2,9.0,58.2,0.0,19.3,3.71,1009.2,13.3
2021-02-02,Cachar,22.2,8.4,50.5,0.0,8.5,4.75,1009.9,27.4
2021-02-03,Dibrugarh,21.2,8.5,53.7,0.0,13.7,4.46,1013.4,22.9
2021-02-04,Cachar,21.2,9.8,65.2,0.0,22.1,3.67,1013.2,11.2
2021-02-05,Jorhat,20.1,11.8,66.1,1.3,24.1,4.25,1014.1,26.2
2021-02-06,Jorhat,21.9,11.1,60.1,5.8,18.4,4.72,1008.3,14.1
2021-02-07,Cachar,24.0,11.4,61.5,0.0,21.4,4.72,1012.9,30.5
2021-02-08,Cachar,21.0,8.3,52.0,0.1,11.4,3.65,1014.1,27.1
2021-02-09,Dibrugarh,21.7,9.3,59.9,3.5,13.7,4.16,1014.3,33.4
2021-02-10,Jorhat,20.9,11.8,66.1,0.0,11.8,4.12,1014.6,19.3
2021-02-11,Lakhimpur,21.2,11.4,64.8,0.0,12.8,4.07,1010.8,23.4
2021-02-13,Lakhimpur,20.5,11.0,61.1,0.7,23.7,4.95,1014.7,29.5
2021-02-14,Dhemaji,22.7,10.2,67.8,0.0,17.4,3.68,1009.6,13.6
2021-02-15,Dhemaji,23.5,8.4,66.4,0.0,12.5,3.62,1011.2,12.1
2021-02-16,Jorhat,21.2,12.5,61.8,0.0,19.1,4.56,1010.5,22.0
2021-02-17,Cachar,20.6,10.5,50.2,1.9,18.2,3.66,1013.2,13.0
2021-02-18,Lakhimpur,21.2,10.0,59.6,0.0,24.6,4.29,1012.3,20.9
2021-02-19,Lakhimpur,20.2,12.6,68.4,0.0,9.3,4.54,1010.8,11.9
2021-02-20,Kamrup Metropolitan,23.1,10.9,68.0,0.0,14.1,3.92,1012.7,33.8
2021-02-21,Dibrugarh,20.9,10.3,57.1,0.0,19.0,3.62,1012.2,34.4
2021-02-22,Kamrup Metropolitan,22.1,11.0,55.4,0.0,16.6,3.61,1014.5,33.5
2021-02-23,Dibrugarh,24.7,12.3,50.9,0.0,8.0,4.06,1012.6,30.3
2021-02-24,Kamrup Metropolitan,24.8,12.2,66.8,1.9,22.5,4.2,1013.6,16.8
2021-02-25,Lakhimpur,25.0,10.8,65.4,0.0,7.6,4.77,1014.7,16.2
2021-02-26,Lakhimpur,21.0,12.4,65.1,0.0,14.5,3.9,1014.0,10.6
2021-02-27,Dibrugarh,24.3,10.8,61.2,6.3,20.7,4.36,1011.8,13.4
2021-02-28,Dibrugarh,24.0,12.5,62.3,0.0,6.8,4.41,1013.4,25.9
2021-03-01,Kamrup Metropolitan,31.6,21.9,67.9,14.6,25.0,7.74,1009.8,63.5
2021-03-02,Jorhat,28.5,18.2,72.4,6.4,16.4,5.78,1010.8,52.4
2021-03-03,Cachar,29.0,21.2,63.6,0.0,8.4,7.24,1010.2,49.2
2021-03-04,Cachar,33.8,19.7,67.0,0.5,22.9,6.39,1009.7,51.0
2021-03-05,Dibrugarh,32.8,18.2,76.0,0.0,6.2,5.2,1010.7,61.2
2021-03-06,Kamrup Metropolitan,28.6,21.0,79.7,0.0,15.6,7.31,1013.3,42.1
2021-03-07,Dibrugarh,28.3,19.3,74.3,33.8,17.3,7.63,1007.1,51.0
2021-03-08,Kamrup Metropolitan,33.2,18.9,71.3,27.6,14.6,6.33,1007.7,51.1
2021-03-09,Dibrugarh,33.5,20.5,61.7,11.6,8.7,6.93,1009.0,57.4
2021-03-10,Dhemaji,34.3,21.0,64.9,10.3,10.5,6.24,1009.6,63.0
2021-03-11,Jorhat,34.0,18.4,76.1,0.9,19.0,7.14,1014.8,36.5
2021-03-12,Dhemaji,30.8,22.8,77.3,0.0,23.6,5.64,1012.3,40.1
2021-03-13,Dibrugarh,30.0,21.8,63.7,5.9,7.9,6.3,1011.8,50.2
2021-03-14,Dhemaji,32.1,18.8,69.6,11.4,7.4,5.59,1013.2,45.1
2021-03-15,Lakhimpur,32.8,18.4,62.8,0.0,20.9,5.29,1009.6,49.2
2021-03-16,Lakhimpur,33.8,22.8,62.5,19.7,21.8,8.13,1009.5,40.4
2021-03-17,Lakhimpur,29.0,22.0,64.0,0.0,15.5,5.41,1011.2,59.4
2021-03-18,Lakhimpur,32.1,21.4,69.0,0.0,13.8,7.25,1012.5,53.7
2021-03-19,Kamrup Metropolitan,34.3,19.9,70.9,0.0,17.6,6.56,1011.0,38.5
2021-03-20,Jorhat,33.6,21.1,70.7,33.6,13.3,8.32,1008.4,39.6
2021-03-21,Dhemaji,29.4,21.6,69.9,21.1,16.3,6.1,1009.5,51.1
2021-03-22,Lakhimpur,31.8,20.4,68.2,0.0,19.3,5.03,1012.6,53.0
2021-03-23,Jorhat,29.3,22.5,71.7,7.7,17.5,6.46,1010.9,63.4
2021-03-24,Kamrup Metropolitan,29.8,21.6,71.9,1.6,18.2,7.36,1013.4,58.7
2021-03-25,Dibrugarh,28.5,18.4,62.1,27.5,11.1,8.38,1006.0,38.7
2021-03-26,Kamrup Metropolitan,30.3,19.6,64.5,14.0,22.2,6.51,1010.5,57.3
2021-03-27,Cachar,30.8,20.7,78.4,0.0,9.5,5.87,1011.7,57.1
2021-03-28,Cachar,29.7,20.9,63.3,0.5,9.5,5.8,1010.2,58.4
2021-03-29,Kamrup Metropolitan,29.2,22.8,63.0,0.0,16.9,5.21,1009.4,64.9
2021-03-30,Cachar,29.5,22.5,64.1,0.0,6.3,5.09,1013.7,49.2
2021-03-31,Dibrugarh,31.7,20.2,68.0,0.0,23.9,5.39,1011.2,40.5
2021-04-01,Dibrugarh,34.3,20.6,76.0,57.9,21.8,9.42,1001.8,61.0
2021-04-02,Cachar,31.5,21.0,66.8,0.0,21.1,7.22,1014.9,51.7
2021-04-03,Dhemaji,33.8,20.0,73.4,3.4,7.1,5.87,1009.7,61.9
2021-04-04,Cachar,28.9,22.4,72.9,18.3,23.3,8.01,1008.4,53.7
2021-04-05,Jorhat,33.8,19.7,75.5,0.0,20.6,7.15,1009.7,41.6
2021-04-06,Dhemaji,31.4,22.5,76.0,0.0,17.7,5.06,1010.5,43.1
2021-04-07,Dhemaji,32.5,20.1,62.6,0.0,15.6,6.73,1013.9,55.5
2021-04-08,Kamrup Metropolitan,29.9,20.8,73.0,26.6,25.7,6.58,1010.3,35.3
2021-04-09,Dibrugarh,32.2,21.3,63.5,0.0,5.9,6.05,1010.0,46.5
2021-04-10,Cachar,29.3,18.5,75.4,0.0,19.4,7.09,1012.7,48.1
2021-04-11,Dhemaji,12.0,28.0,78.7,19.8,18.9,6.33,1006.3,35.9
2021-04-12,Dhemaji,34.7,18.8,72.5,9.6,20.1,6.24,1011.1,45.5
2021-04-13,Kamrup Metropolitan,29.7,22.1,76.0,17.8,8.6,6.39,1011.8,52.7
2021-04-14,Lakhimpur,33.5,21.5,70.4,0.0,20.2,7.4,1013.3,57.8
2021-04-15,Dhemaji,34.9,22.5,72.9,17.7,18.5,5.84,1012.3,55.1
2021-04-16,Dibrugarh,32.0,22.6,60.7,0.0,23.9,5.74,1011.8,62.7
2021-04-17,Dhemaji,28.4,20.3,70.4,0.0,14.6,6.63,1014.3,45.9
2021-04-18,Cachar,30.4,21.6,61.3,5.7,18.1,6.58,1013.5,58.7
2021-04-19,Dibrugarh,34.1,20.1,69.2,69.6,30.6,7.78,999.0,40.6
2021-04-20,Dhemaji,30.5,21.8,68.0,0.0,20.4,6.57,1011.5,61.2
2021-04-21,Jorhat,33.2,19.2,62.2,6.6,6.5,5.98,1008.1,43.9
2021-04-22,Dhemaji,28.3,18.5,67.8,2.0,17.0,7.47,1014.6,58.9
2021-04-23,Dhemaji,32.2,22.5,79.8,0.0,9.6,5.16,1014.0,47.0
2021-04-24,Dhemaji,29.6,18.9,64.4,3.1,24.7,7.07,1013.8,45.5
2021-04-25,Cachar,32.2,20.6,65.2,0.0,14.3,6.23,1012.7,64.9
2021-04-26,Lakhimpur,31.8,21.0,71.6,1.4,22.9,7.25,1014.5,43.0
2021-04-27,Jorhat,28.2,19.6,78.6,19.9,20.9,6.5,1006.3,42.6
2021-04-28,Dibrugarh,28.6,19.1,73.7,0.0,16.8,7.13,1013.9,49.9
2021-04-29,Dibrugarh,31.8,22.3,74.7,11.0,9.3,7.61,1009.4,42.4
2021-04-30,Lakhimpur,32.9,21.4,72.4,0.0,5.6,5.4,1014.0,61.4
2021-05-01,Dibrugarh,33.7,19.1,78.2,0.0,8.9,6.39,1009.5,57.7
2021-05-02,Cachar,34.9,21.2,65.2,15.1,21.7,6.95,1010.0,58.4
2021-05-03,Dibrugarh,30.4,21.2,78.6,1.6,11.2,7.41,1013.0,55.6
2021-05-04,Dhemaji,33.0,20.4,61.2,0.0,13.9,7.13,1012.9,64.7
2021-05-05,Jorhat,33.3,18.1,60.4,0.0,13.9,6.22,1010.6,58.1
2021-05-06,Lakhimpur,34.6,18.5,77.1,0.0,20.5,7.06,1010.4,44.0
2021-05-07,Cachar,29.9,22.8,63.0,0.0,13.0,7.36,1010.6,47.6
2021-05-08,Cachar,30.2,19.6,74.5,0.0,16.3,5.5,1011.8,61.0
2021-05-09,Cachar,34.8,18.9,77.4,0.0,17.5,6.93,1009.8,60.3
2021-05-10,Lakhimpur,34.4,22.8,63.7,0.0,10.0,5.0,1012.4,52.9
2021-05-11,Kamrup Metropolitan,29.1,21.3,66.5,13.4,15.6,6.62,1011.1,64.5
2021-05-12,Dibrugarh,31.4,21.0,65.8,17.8,16.4,7.86,1007.0,58.4
2021-05-13,Kamrup Metropolitan,28.7,20.9,60.4,0.0,23.8,5.53,1009.4,45.4
2021-05-14,Kamrup Metropolitan,28.6,19.8,60.7,0.0,18.8,5.99,1013.8,39.0
2021-05-15,Dibrugarh,28.3,21.4,79.0,0.0,17.3,7.24,1010.8,52.8
2021-05-16,Jorhat,34.1,21.6,76.0,0.0,16.0,7.04,1013.9,37.4
2021-05-17,Dibrugarh,31.4,18.2,63.3,0.0,14.6,6.81,1012.7,52.8
2021-05-18,Cachar,34.8,19.7,63.6,0.0,19.4,6.65,1010.4,49.9
2021-05-19,Kamrup Metropolitan,31.5,18.4,68.1,0.0,8.5,6.05,1014.8,41.1
2021-05-20,Dibrugarh,33.2,20.1,66.9,0.0,16.6,7.47,1011.6,36.2
2021-05-21,Lakhimpur,30.8,21.0,72.0,23.6,14.5,7.58,1007.8,64.8
2021-05-22,Dibrugarh,32.4,21.7,62.6,18.9,26.3,8.03,1007.3,40.4
2021-05-23,Lakhimpur,28.5,20.2,61.9,0.0,6.9,6.48,1012.9,52.4
2021-05-24,Kamrup Metropolitan,34.8,19.3,73.1,0.0,14.1,6.93,1010.4,38.9
2021-05-25,Cachar,31.1,19.7,69.0,0.0,24.0,5.36,1010.5,48.5
2021-05-26,Dhemaji,29.2,18.2,74.7,0.0,16.7,6.19,1014.2,60.3
2021-05-27,Jorhat,31.8,18.2,79.7,0.0,9.5,5.58,1010.1,36.6
2021-05-28,Cachar,30.2,20.5,60.8,2.4,24.3,7.56,1012.5,64.0
2021-05-29,Kamrup Metropolitan,32.1,19.3,70.4,6.3,8.5,6.58,1013.7,38.8
2021-05-30,Jorhat,32.7,22.8,61.9,16.7,20.5,6.78,1011.5,61.0
2021-05-31,Dibrugarh,30.6,18.1,64.9,26.7,23.6,8.23,1010.5,58.1
2021-06-01,Kamrup Metropolitan,28.1,24.6,87.1,0.0,6.0,8.59,1014.9,89.7
2021-06-02,Kamrup Metropolitan,32.0,25.0,81.6,18.7,25.4,9.35,1008.8,89.5
2021-06-03,Dibrugarh,30.8,25.2,87.8,93.7,20.9,12.41,997.1,86.3
2021-06-04,Lakhimpur,28.9,24.2,90.7,43.4,12.7,12.18,1006.3,70.4
2021-06-05,Dibrugarh,29.3,23.5,95.5,40.3,16.6,12.25,1005.3,70.8
2021-06-06,Lakhimpur,28.2,23.9,87.1,43.8,25.8,13.86,1005.0,91.5
2021-06-07,Lakhimpur,31.5,23.0,96.7,3.4,15.1,13.28,1010.0,80.5
2021-06-08,Jorhat,30.4,25.7,89.6,47.8,29.3,10.4,1006.8,91.5
2021-06-09,Dhemaji,27.9,24.7,83.3,41.0,14.2,13.54,1008.6,73.2
2021-06-10,Jorhat,27.4,25.3,86.7,41.1,19.4,10.26,1006.4,70.1
2021-06-11,Dibrugarh,28.1,24.4,87.4,100.7,30.7,16.98,995.5,80.6
2021-06-12,Cachar,31.3,24.7,94.6,80.0,17.7,12.02,1002.2,82.7
2021-06-13,Kamrup Metropolitan,28.1,22.4,80.4,56.5,18.5,13.6,1004.1,86.4
2021-06-14,Dhemaji,27.7,23.1,90.7,62.0,11.5,12.91,1001.7,83.4
2021-06-15,Dhemaji,27.5,24.9,90.4,0.0,8.8,8.44,1010.9,72.6
2021-06-16,Cachar,28.7,24.5,88.0,98.1,20.2,15.61,997.8,72.1
2021-06-17,Cachar,29.7,23.3,86.0,60.9,25.7,15.9,1002.7,89.9
2021-06-18,Dhemaji,29.8,25.8,83.2,64.4,20.4,11.68,1003.9,86.1
2021-06-19,Kamrup Metropolitan,28.5,25.9,88.5,26.5,22.4,9.72,1009.6,99.2
2021-06-20,Kamrup Metropolitan,31.2,24.1,91.2,0.0,20.6,12.15,1013.3,73.8
2021-06-21,Dhemaji,27.6,22.9,86.2,26.4,24.1,10.96,1006.7,77.2
2021-06-22,Dibrugarh,30.0,24.1,96.5,37.8,27.4,14.97,1004.0,95.5
2021-06-23,Dibrugarh,30.1,24.7,89.6,70.3,18.5,11.59,998.6,76.4
2021-06-24,Cachar,30.5,23.4,97.6,0.0,23.5,12.52,1011.9,74.0
2021-06-25,Dhemaji,31.5,25.3,85.7,167.9,31.4,19.25,986.9,90.0
2021-06-26,Jorhat,27.4,25.1,82.2,49.6,27.0,15.13,1001.6,96.3
2021-06-27,Cachar,30.1,24.6,82.7,3.5,25.2,12.43,1008.8,83.8
2021-06-28,Kamrup Metropolitan,29.2,22.7,81.3,84.0,25.8,12.82,1000.2,75.3
2021-06-29,Kamrup Metropolitan,28.2,22.9,83.1,58.6,19.0,15.01,1004.1,91.7
2021-06-30,Cachar,28.8,23.7,94.9,72.8,21.9,15.14,998.2,70.3
2021-07-01,Lakhimpur,30.8,22.5,89.6,0.0,21.0,8.07,1014.8,77.2
2021-07-02,Jorhat,28.9,23.1,91.6,38.0,26.1,10.98,1004.8,74.5
2021-07-03,Dibrugarh,29.4,23.5,87.1,0.0,20.7,12.32,1010.9,96.8
2021-07-04,Kamrup Metropolitan,31.0,22.3,85.0,0.0,14.9,9.39,1011.3,93.4
2021-07-05,Dhemaji,30.2,24.5,81.2,40.2,22.6,10.43,1003.2,92.1
2021-07-06,Kamrup Metropolitan,30.7,24.6,94.4,6.1,14.8,8.44,1014.0,85.3
2021-07-07,Jorhat,30.9,24.6,83.3,10.5,11.4,8.96,1007.6,89.8
2021-07-08,Jorhat,31.5,25.1,84.1,205.1,30.7,19.87,978.7,70.3
2021-07-09,Kamrup Metropolitan,29.7,22.2,97.4,88.2,25.5,13.14,1000.3,99.4
2021-07-10,Jorhat,27.8,22.2,82.0,50.2,17.8,10.53,1002.5,81.3
2021-07-11,Jorhat,28.2,22.5,83.6,119.9,34.2,16.35,996.1,78.6
2021-07-12,Kamrup Metropolitan,29.7,24.5,84.0,210.9,27.2,20.55,979.3,86.7
2021-07-13,Dhemaji,31.9,25.7,80.8,9.9,10.3,9.12,1010.6,91.8
2021-07-14,Jorhat,30.7,24.2,90.6,39.1,26.4,11.2,1007.0,87.0
2021-07-15,Lakhimpur,27.8,23.8,80.2,15.6,14.6,12.62,1011.5,99.8
2021-07-16,Cachar,28.6,25.0,94.7,52.5,20.7,13.88,1006.2,81.3
2021-07-17,Dibrugarh,27.2,25.0,83.6,174.5,28.6,17.0,988.1,79.8
2021-07-18,Lakhimpur,27.6,23.5,91.6,83.4,13.4,12.53,997.6,74.1
2021-07-19,Dibrugarh,30.1,23.4,94.3,5.4,6.8,11.45,1011.7,84.4
2021-07-20,Jorhat,29.8,24.4,92.2,89.9,15.5,13.08,995.9,94.8
2021-07-21,Lakhimpur,30.7,25.9,83.8,95.9,29.3,14.7,996.0,81.2
2021-07-22,Jorhat,27.3,25.2,93.8,72.8,22.2,12.56,999.1,75.2
2021-07-23,Dhemaji,32.0,25.0,93.3,0.0,8.3,9.12,1013.2,87.0
2021-07-24,Dhemaji,31.2,23.1,89.3,19.5,24.4,13.95,1011.1,77.8
2021-07-25,Lakhimpur,29.4,23.7,96.9,0.0,23.2,11.47,1013.7,71.5
2021-07-26,Jorhat,30.8,22.6,91.0,0.0,6.4,12.13,1009.3,89.7
2021-07-27,Dhemaji,27.2,23.1,85.0,85.1,30.4,16.77,997.8,81.1
2021-07-28,Kamrup Metropolitan,29.4,22.1,81.1,130.3,25.0,13.98,994.9,86.0
2021-07-29,Dibrugarh,30.7,24.2,82.3,117.6,29.2,14.87,994.3,94.8
2021-07-30,Lakhimpur,28.3,24.6,83.6,45.8,16.6,12.38,1002.8,99.2
2021-07-31,Dibrugarh,30.6,23.7,81.6,63.3,19.4,13.53,1002.8,99.4
2021-08-01,Dhemaji,29.7,24.5,84.1,103.2,19.6,14.49,994.1,74.2
2021-08-02,Cachar,30.3,24.2,81.1,39.5,24.7,14.02,1004.3,83.8
2021-08-03,Lakhimpur,27.8,23.3,93.6,0.0,22.4,9.13,1010.4,96.3
2021-08-04,Kamrup Metropolitan,29.8,25.0,90.0,44.2,17.2,10.29,1007.2,80.3
2021-08-05,Jorhat,29.3,23.6,81.7,32.0,15.3,10.36,1008.7,75.6
2021-08-06,Lakhimpur,30.2,25.2,87.1,135.6,34.4,16.36,990.6,74.7
2021-08-07,Cachar,28.8,25.6,83.0,38.9,23.5,12.85,1008.1,71.0
2021-08-08,Lakhimpur,29.2,24.5,81.5,0.0,13.4,12.42,1014.9,85.2
2021-08-09,Lakhimpur,30.6,23.3,97.9,214.6,28.3,20.19,977.0,73.9
2021-08-10,Jorhat,31.5,22.3,93.2,11.4,20.3,13.18,1009.2,94.6
2021-08-11,Cachar,31.5,24.6,85.7,16.1,11.5,13.15,1007.3,96.4
2021-08-12,Dibrugarh,27.5,23.0,82.6,23.5,19.8,11.42,1007.6,92.5
2021-08-13,Lakhimpur,31.0,25.4,84.6,1.7,5.2,12.13,1012.8,73.2
2021-08-14,Dhemaji,31.3,22.9,95.1,18.0,12.9,12.26,1007.6,90.8
2021-08-15,Cachar,30.8,23.6,93.7,128.7,35.8,14.43,993.6,94.2
2021-08-16,Dhemaji,30.4,24.2,82.0,32.6,15.9,11.84,1010.0,95.9
2021-08-17,Dhemaji,29.4,22.1,87.6,1.5,24.6,13.37,1013.7,73.8
2021-08-18,Cachar,31.0,22.1,97.3,71.3,29.6,12.53,999.0,94.9
2021-08-19,Dhemaji,27.6,22.3,84.7,0.0,6.5,11.12,1010.4,78.5
2021-08-20,Dhemaji,30.7,22.2,96.3,0.0,8.7,11.67,1009.5,87.8
2021-08-21,Lakhimpur,31.2,23.1,87.7,17.1,11.8,13.02,1007.8,87.2
2021-08-22,Jorhat,27.6,22.4,96.4,60.8,21.4,14.99,1002.5,96.4
2021-08-23,Jorhat,31.6,23.9,82.5,0.0,13.9,8.91,1013.7,75.1
2021-08-24,Cachar,28.2,24.0,81.9,0.0,17.0,10.68,1013.5,89.6
2021-08-25,Kamrup Metropolitan,28.3,23.6,96.0,0.0,9.8,8.22,1011.8,88.1
2021-08-26,Kamrup Metropolitan,28.7,23.9,83.5,51.9,10.3,11.62,1001.3,76.2
2021-08-27,Dhemaji,31.2,25.4,85.1,34.2,9.3,11.78,1005.5,76.6
2021-08-28,Lakhimpur,28.4,25.3,89.6,116.6,17.6,15.83,994.2,70.9
2021-08-29,Dhemaji,27.8,23.6,93.1,117.7,22.7,16.4,995.7,77.7
2021-08-30,Jorhat,31.1,22.0,91.5,2.9,19.0,9.53,1009.3,71.8
2021-08-31,Dhemaji,31.0,24.7,81.7,49.9,16.4,13.02,1006.0,97.0
2021-09-01,Dibrugarh,30.3,24.7,86.5,0.0,17.3,8.06,1014.2,89.1
2021-09-02,Jorhat,30.2,25.0,89.5,97.1,25.4,17.34,997.1,94.6
2021-09-03,Lakhimpur,29.0,25.6,94.5,13.4,14.1,11.1,1012.1,94.5
2021-09-04,Jorhat,30.4,23.1,85.5,0.0,22.2,10.46,1014.5,94.0
2021-09-05,Cachar,29.9,23.5,90.8,67.3,20.3,14.48,999.8,81.2
2021-09-06,Kamrup Metropolitan,28.7,22.6,80.5,57.1,18.9,13.79,1002.3,80.2
2021-09-07,Dhemaji,31.2,24.1,95.2,47.7,29.2,12.99,1003.2,73.2
2021-09-08,Cachar,29.7,22.5,81.8,12.9,12.6,13.61,1007.9,82.4
2021-09-09,Lakhimpur,28.4,25.6,82.1,171.7,38.7,16.59,989.1,96.7
2021-09-10,Lakhimpur,30.0,22.6,80.6,194.2,35.1,20.02,980.9,99.4
2021-09-11,Lakhimpur,31.2,23.8,85.4,16.5,12.1,9.73,1012.3,71.7
2021-09-12,Jorhat,28.7,24.3,82.5,32.3,28.1,12.74,1009.4,84.7
2021-09-13,Dhemaji,29.8,24.5,83.6,27.7,12.3,9.33,1010.6,84.3
2021-09-14,Lakhimpur,30.0,23.4,88.3,2.1,18.8,12.19,1011.5,86.5
2021-09-15,Dibrugarh,31.7,22.6,88.3,217.9,34.3,19.37,978.0,95.9
2021-09-16,Kamrup Metropolitan,29.8,23.8,90.9,0.0,14.1,9.99,1011.7,91.8
2021-09-17,Jorhat,31.0,23.9,97.9,3.4,10.1,8.15,1010.4,89.2
2021-09-18,Cachar,29.2,24.0,91.3,143.5,33.8,13.85,991.6,84.3
2021-09-19,Dibrugarh,30.2,24.6,94.8,22.3,27.0,12.92,1006.9,85.9
2021-09-20,Dibrugarh,31.1,23.2,80.3,73.6,27.4,15.53,1002.6,92.2
2021-09-21,Kamrup Metropolitan,30.8,25.4,91.0,5.1,13.7,10.89,1008.6,72.3
2021-09-22,Cachar,29.7,24.5,90.4,0.0,18.6,8.03,1009.7,73.0
2021-09-23,Dibrugarh,31.0,24.8,80.9,4.2,11.0,10.38,1013.2,78.9
2021-09-24,Dhemaji,27.8,23.1,80.4,48.1,10.5,14.56,1003.1,86.5
2021-09-25,Cachar,30.2,22.5,96.0,38.5,10.3,12.01,1007.3,87.6
2021-09-26,Dhemaji,29.3,22.9,85.5,0.0,19.4,11.1,1011.4,73.6
2021-09-27,Dhemaji,31.4,25.3,93.0,17.4,22.4,10.91,1010.7,73.1
2021-09-28,Dhemaji,30.5,22.3,95.1,0.2,7.1,9.37,1011.1,92.2
2021-09-29,Cachar,29.8,25.5,90.3,130.8,36.8,18.42,993.4,82.7
2021-09-30,Kamrup Metropolitan,30.4,24.0,87.0,55.1,24.8,14.08,1004.7,70.1
2021-10-01,Kamrup Metropolitan,25.4,14.5,75.1,0.0,25.0,6.04,1009.6,36.9
2021-10-02,Dhemaji,28.8,16.0,71.5,0.0,6.0,5.92,1013.6,34.2
2021-10-03,Dibrugarh,26.8,15.7,75.8,0.0,20.9,7.24,1013.5,43.3
2021-10-04,Lakhimpur,25.5,14.5,74.8,0.0,19.3,6.13,1010.2,41.1
2021-10-05,Jorhat,24.4,14.2,75.0,13.9,20.2,7.62,1008.4,38.6
2021-10-06,Dhemaji,25.7,14.1,66.9,0.0,16.9,6.49,1009.1,35.1
2021-10-07,Cachar,28.4,14.2,71.0,11.5,8.8,6.87,1012.4,31.7
2021-10-08,Dhemaji,24.1,17.1,77.1,1.0,20.6,6.07,1012.0,25.4
2021-10-09,Jorhat,27.2,16.3,73.5,0.0,15.9,6.6,1014.0,47.0
2021-10-10,Kamrup Metropolitan,25.5,14.8,67.3,0.0,14.5,6.92,1009.4,48.4
2021-10-11,Jorhat,24.3,17.8,79.1,0.0,6.5,7.48,1011.2,38.6
2021-10-12,Cachar,27.6,16.5,78.4,0.0,15.5,6.13,1014.4,31.9
2021-10-13,Jorhat,27.2,17.2,79.2,3.3,19.1,7.08,1012.6,38.5
2021-10-14,Dibrugarh,24.0,16.5,71.7,1.2,15.1,7.46,1012.9,38.2
2021-10-15,Lakhimpur,27.1,17.7,76.4,0.0,22.3,5.86,1011.9,36.5
2021-10-16,Lakhimpur,24.2,17.4,79.7,0.0,8.9,7.21,1014.7,31.0
2021-10-17,Cachar,28.9,16.3,68.9,0.0,24.6,6.69,1010.1,26.8
2021-10-18,Cachar,27.7,15.4,75.5,0.0,22.1,7.41,1013.6,49.2
2021-10-19,Jorhat,25.2,16.6,75.0,0.0,5.2,6.63,1009.1,44.3
2021-10-20,Lakhimpur,25.9,16.2,77.1,0.0,21.2,7.12,1010.5,29.4
2021-10-21,Cachar,24.1,15.9,74.9,0.0,24.9,6.08,1009.3,34.9
2021-10-22,Lakhimpur,26.4,16.5,66.4,0.3,17.5,5.63,1014.9,36.1
2021-10-23,Lakhimpur,26.8,15.4,74.8,2.2,15.3,5.97,1010.0,48.0
2021-10-24,Kamrup Metropolitan,25.1,17.8,67.2,0.0,16.3,5.95,1011.6,35.8
2021-10-25,Jorhat,27.8,15.1,70.3,0.0,20.6,7.39,1011.9,47.3
2021-10-26,Dibrugarh,25.0,16.4,67.8,3.2,6.7,7.34,1014.2,30.2
2021-10-27,Lakhimpur,26.3,14.4,77.4,0.0,21.5,6.95,1012.1,44.3
2021-10-28,Kamrup Metropolitan,26.7,15.1,71.4,0.3,13.4,5.77,1012.1,44.1
2021-10-29,Lakhimpur,27.6,14.8,68.1,0.1,8.8,6.38,1010.8,47.1
2021-10-30,Cachar,27.3,17.0,77.7,0.0,21.3,6.11,1010.1,33.1
2021-10-31,Dhemaji,25.7,18.0,71.1,2.0,12.8,7.1,1011.2,38.6
2021-11-01,Dibrugarh,27.5,14.7,76.7,7.0,17.7,7.68,1009.7,26.1
2021-11-02,Kamrup Metropolitan,24.6,16.2,76.7,0.0,8.2,5.84,1010.1,49.3
2021-11-03,Cachar,28.0,14.5,66.9,15.2,9.4,6.8,1008.0,25.8
2021-11-04,Jorhat,28.9,17.4,75.5,0.0,12.6,6.62,1010.0,48.7
2021-11-05,Jorhat,25.9,14.1,77.6,0.0,9.7,6.91,1013.2,49.3
2021-11-06,Cachar,27.5,16.1,73.1,4.5,24.7,6.3,1012.6,37.1
2021-11-07,Cachar,26.0,14.5,78.0,0.0,18.5,6.12,1013.8,32.3
2021-11-08,Dhemaji,27.1,16.3,77.5,18.9,17.9,6.28,1007.9,41.9
2021-11-09,Cachar,25.0,15.6,79.0,4.5,12.6,7.44,1008.8,40.1
2021-11-10,Kamrup Metropolitan,27.4,15.3,65.8,0.0,17.6,7.39,1010.2,41.0
2021-11-11,Cachar,27.9,16.4,79.9,3.1,14.3,7.51,1014.4,47.9
2021-11-12,Dibrugarh,28.9,14.5,71.1,0.0,13.0,6.91,1010.6,35.6
2021-11-13,Dibrugarh,26.6,17.0,74.5,0.0,8.4,6.88,1014.6,28.6
2021-11-14,Jorhat,25.5,14.4,74.0,7.8,25.1,7.11,1009.3,31.7
2021-11-15,Dibrugarh,26.3,16.7,73.8,6.0,7.9,6.24,1010.8,25.1
2021-11-16,Lakhimpur,28.7,16.9,78.2,0.0,13.2,6.68,1009.1,42.5
2021-11-17,Jorhat,28.7,16.2,79.1,0.0,9.3,6.95,1013.0,40.4
2021-11-18,Dibrugarh,24.0,15.7,66.4,11.0,14.8,7.77,1011.7,35.9
2021-11-19,Dibrugarh,29.0,14.9,73.2,0.0,21.4,6.9,1009.3,30.1
2021-11-20,Jorhat,24.1,15.0,68.2,0.0,19.7,6.0,1012.6,26.6
2021-11-21,Cachar,27.0,15.5,70.0,17.3,22.5,6.96,1008.8,37.3
2021-11-22,Dhemaji,27.7,17.0,72.8,0.0,15.8,6.24,1010.6,48.0
2021-11-23,Jorhat,28.6,17.4,65.5,0.0,21.7,6.32,1012.0,46.8
2021-11-24,Dibrugarh,27.2,17.7,66.0,13.9,12.4,6.64,1009.9,36.1
2021-11-25,Lakhimpur,26.3,14.1,68.2,0.0,23.5,6.93,1009.7,25.3
2021-11-26,Lakhimpur,24.4,14.7,75.0,17.1,12.5,7.81,1008.3,42.1
2021-11-27,Jorhat,26.2,16.2,68.8,0.0,9.3,5.65,1013.9,46.8
2021-11-28,Lakhimpur,25.6,15.4,72.6,0.0,16.1,7.25,1012.0,27.6
2021-11-29,Dhemaji,26.6,17.2,78.3,3.4,11.3,6.56,1011.2,35.4
2021-11-30,Lakhimpur,27.6,15.5,72.3,0.0,20.8,6.98,1010.8,46.6
2021-12-01,Dhemaji,20.4,8.1,53.3,6.6,10.1,4.13,1011.1,18.9
2021-12-02,Jorhat,21.6,8.8,54.9,0.0,24.7,4.0,1011.5,28.7
2021-12-03,Kamrup Metropolitan,22.1,10.7,63.9,0.0,22.4,3.76,1012.8,22.5
2021-12-04,Lakhimpur,23.5,10.5,68.7,1.7,20.5,5.04,1012.8,22.8
2021-12-05,Dibrugarh,22.5,10.1,50.4,0.0,17.6,3.6,1013.1,21.9
2021-12-06,Jorhat,24.4,11.7,63.9,0.0,7.5,4.2,1010.7,31.9
2021-12-07,Dhemaji,22.6,12.1,58.1,0.0,5.3,3.52,1010.7,20.2
2021-12-08,Dibrugarh,20.3,12.4,57.8,0.0,6.5,4.95,1011.3,11.7
2021-12-09,Lakhimpur,24.9,9.2,68.9,0.0,17.2,4.17,1013.2,11.8
2021-12-10,Jorhat,22.3,11.6,63.1,0.0,14.7,3.51,1009.0,15.4
2021-12-11,Jorhat,20.5,8.5,51.0,0.0,12.0,4.14,1013.1,23.7
2021-12-12,Jorhat,20.7,11.4,62.4,0.0,20.0,3.75,1014.4,14.9
2021-12-13,Cachar,22.2,11.9,67.1,0.0,19.3,4.64,1011.3,17.7
2021-12-14,Cachar,20.9,11.0,67.2,0.0,16.7,4.59,1009.8,28.6
2021-12-15,Cachar,24.1,11.3,65.9,0.0,17.7,4.54,1010.9,16.6
2021-12-16,Lakhimpur,24.1,10.3,55.6,0.0,21.4,4.74,1011.8,11.6
2021-12-17,Dhemaji,23.9,11.9,65.0,0.0,13.3,3.83,1014.3,21.6
2021-12-18,Lakhimpur,23.2,12.3,65.7,0.0,13.7,3.8,1013.0,22.9
2021-12-19,Dibrugarh,24.2,9.2,61.5,0.0,20.0,3.64,1013.8,35.0
2021-12-20,Dibrugarh,20.0,10.3,61.4,0.0,22.0,3.98,1011.4,34.0
2021-12-21,Dhemaji,21.6,11.3,54.6,0.0,5.8,4.65,1014.0,25.6
2021-12-22,Cachar,20.0,12.7,58.3,0.0,19.7,4.09,1013.1,11.7
2021-12-23,Lakhimpur,21.9,9.1,61.9,0.0,9.2,4.89,1015.0,18.5
2021-12-24,Jorhat,22.5,12.3,59.2,0.0,12.2,4.26,1014.2,33.7
2021-12-25,Cachar,20.8,10.5,63.8,0.0,17.7,4.47,1012.6,16.9
2021-12-26,Jorhat,20.2,10.9,59.1,8.9,9.3,3.95,1010.4,27.1
2021-12-27,Dhemaji,23.4,12.6,62.8,0.0,17.9,4.82,1009.5,24.6
2021-12-28,Cachar,23.0,9.8,51.0,0.0,22.6,4.14,1014.3,12.1
2021-12-29,Dhemaji,23.0,10.5,69.5,0.0,7.5,4.06,1010.2,30.0
2021-12-30,Lakhimpur,24.5,11.1,69.5,0.0,6.3,4.77,1014.9,11.6
2021-12-31,Kamrup Metropolitan,23.3,12.5,56.1,0.0,14.5,4.68,1009.3,20.4
2022-01-01,Dibrugarh,20.4,10.2,60.6,12.7,9.4,4.26,1008.3,12.9
2022-01-02,Lakhimpur,21.2,8.6,55.1,0.0,21.2,4.51,1009.9,11.6
2022-01-03,Dhemaji,24.3,8.8,51.7,0.0,7.7,3.95,1012.5,24.1
2022-01-04,Dhemaji,21.6,8.0,53.5,0.0,19.3,4.16,1010.7,34.6
2022-01-05,Dibrugarh,22.3,11.6,61.5,0.0,15.8,4.67,1014.0,31.6
2022-01-06,Kamrup Metropolitan,23.8,12.7,50.3,0.0,18.7,4.21,1012.9,26.4
2022-01-07,Kamrup Metropolitan,24.3,10.0,56.6,0.0,24.0,4.64,1010.1,13.2
2022-01-08,Cachar,23.7,10.6,67.4,0.0,10.6,4.96,1009.8,33.3
2022-01-09,Jorhat,20.8,12.3,59.8,0.0,16.2,4.85,1011.2,25.1
2022-01-10,Dhemaji,21.9,12.0,57.3,0.0,8.5,4.34,1013.0,31.1
2022-01-11,Kamrup Metropolitan,21.3,10.6,60.4,0.0,6.1,4.63,1011.3,25.6
2022-01-12,Kamrup Metropolitan,20.8,10.3,57.0,0.3,10.9,4.24,1010.2,33.0
2022-01-13,Dibrugarh,23.9,10.9,50.1,0.0,15.3,4.55,1013.2,25.4
2022-01-14,Lakhimpur,23.8,10.0,66.6,0.0,15.2,3.55,1012.7,15.1
2022-01-15,Kamrup Metropolitan,22.3,11.9,52.5,0.0,24.9,3.92,1013.8,31.3
2022-01-16,Cachar,22.2,9.2,51.0,0.0,8.5,3.67,1011.3,25.2
2022-01-17,Dibrugarh,22.0,11.8,52.5,0.0,23.6,3.86,1011.3,26.9
2022-01-18,Dibrugarh,21.6,11.7,58.6,0.0,11.6,3.92,1010.8,20.5
2022-01-19,Cachar,23.2,11.0,63.1,0.0,15.1,3.94,1011.1,25.5
2022-01-20,Kamrup Metropolitan,21.4,12.8,50.2,0.0,11.2,4.56,1011.0,25.6
2022-01-21,Cachar,24.2,8.4,69.8,0.0,9.0,4.98,1010.0,33.5
2022-01-22,Jorhat,21.4,9.7,59.0,7.3,23.8,4.08,1011.8,10.1
2022-01-23,Dibrugarh,20.9,9.5,52.3,0.0,10.0,4.68,1013.3,21.6
2022-01-24,Dibrugarh,24.5,12.5,56.3,0.0,11.8,3.91,1011.6,14.8
2022-01-25,Kamrup Metropolitan,24.1,8.9,59.7,0.4,19.7,4.54,1012.7,33.7
2022-01-26,Kamrup Metropolitan,22.0,9.8,50.9,0.7,22.5,3.55,1012.0,24.5
2022-01-27,Cachar,22.1,10.8,68.9,0.3,6.5,3.89,1011.1,29.5
2022-01-28,Cachar,24.9,9.1,51.3,0.0,15.6,4.61,1009.6,10.8
2022-01-29,Dibrugarh,23.9,11.7,61.2,0.8,20.7,4.17,1010.3,29.8
2022-01-30,Dibrugarh,20.3,8.3,63.8,0.0,16.6,3.84,1011.2,25.3
2022-01-31,Lakhimpur,23.7,8.4,67.9,0.0,8.1,3.74,1014.0,11.3
2022-02-01,Dhemaji,24.6,10.8,53.7,0.0,10.5,4.36,1010.2,29.0
2022-02-02,Jorhat,20.6,12.7,63.7,0.0,8.2,3.55,1012.9,21.9
2022-02-03,Dibrugarh,21.7,12.6,66.9,0.0,5.9,3.86,1013.2,22.8
2022-02-04,Cachar,21.8,10.8,58.1,0.0,10.1,4.72,1009.6,25.3
2022-02-05,Jorhat,22.1,11.4,63.2,0.0,21.5,4.09,1009.3,14.5
2022-02-06,Lakhimpur,21.1,10.6,64.2,0.0,11.3,3.98,1014.0,34.2
2022-02-07,Jorhat,24.6,11.2,62.6,0.0,13.6,4.63,1013.4,23.3
2022-02-08,Cachar,24.5,11.3,50.2,0.0,15.0,3.86,1011.6,12.7
2022-02-09,Dibrugarh,22.6,9.5,61.5,1.2,24.7,3.61,1014.6,16.8
2022-02-10,Jorhat,21.2,9.1,67.1,0.0,17.4,4.16,1011.7,13.3
2022-02-11,Dibrugarh,20.1,11.0,63.2,0.0,17.5,3.68,1010.3,33.5
2022-02-12,Jorhat,22.7,10.1,53.2,0.0,6.7,4.13,1011.4,28.9
2022-02-13,Kamrup Metropolitan,20.3,8.8,56.7,0.0,11.1,3.85,1010.6,30.8
2022-02-14,Dhemaji,24.3,12.6,58.4,0.0,5.6,3.56,1012.5,24.3
2022-02-15,Dhemaji,23.9,9.6,55.0,3.6,6.6,4.19,1011.7,24.2
2022-02-16,Dhemaji,21.0,8.5,58.2,0.0,6.8,3.83,1009.5,17.9
2022-02-17,Jorhat,22.3,9.7,67.4,0.3,14.9,3.83,1011.6,28.8
2022-02-18,Cachar,22.4,11.5,61.1,0.0,15.9,3.81,1013.4,17.4
2022-02-19,Jorhat,22.0,8.6,53.4,0.0,9.9,4.38,1014.9,18.4
2022-02-20,Jorhat,24.4,12.5,55.9,0.0,21.5,4.12,1013.0,16.0
2022-02-21,Jorhat,20.5,8.2,63.1,0.0,5.6,3.62,1011.7,10.9
2022-02-22,Jorhat,24.9,12.0,63.2,0.0,17.4,4.8,1011.5,17.2
2022-02-23,Dibrugarh,23.1,11.3,60.0,0.0,7.6,3.54,1009.6,20.7
2022-02-24,Dibrugarh,22.6,9.3,59.4,0.0,20.8,3.79,1012.6,26.3
2022-02-25,Jorhat,20.5,8.6,69.6,0.0,16.9,4.77,1012.6,18.1
2022-02-26,Dibrugarh,22.9,10.1,55.5,0.0,17.5,3.84,1013.5,27.3
2022-02-27,Dibrugarh,21.3,11.3,54.2,0.0,8.7,4.55,1012.6,12.8
2022-02-28,Jorhat,21.7,10.3,50.3,0.0,13.5,3.89,1012.3,10.7
2022-03-01,Dhemaji,30.1,21.3,79.3,0.0,15.0,7.23,1009.4,52.3
2022-03-02,Dhemaji,33.9,18.6,76.0,0.0,19.5,5.38,1013.7,60.5
2022-03-03,Lakhimpur,34.3,22.0,73.5,17.1,12.1,8.05,1007.7,43.9
2022-03-04,Jorhat,30.3,18.6,68.8,0.0,7.5,6.71,1009.8,62.1
2022-03-05,Jorhat,34.5,20.3,70.0,5.7,11.5,7.46,1013.5,54.3
2022-03-06,Lakhimpur,33.0,19.8,65.1,0.0,16.3,6.35,1012.1,60.5
2022-03-07,Dhemaji,33.7,19.9,73.3,0.0,7.8,5.56,1009.5,46.7
2022-03-08,Dhemaji,31.1,20.7,77.5,81.3,19.2,9.71,999.2,59.4
2022-03-09,Lakhimpur,34.0,21.0,73.9,6.8,17.1,7.12,1009.5,55.0
2022-03-10,Jorhat,31.0,23.0,61.9,22.7,17.1,7.59,1010.4,58.0
2022-03-11,Cachar,29.4,18.6,79.3,0.0,6.7,6.2,1009.3,52.6
2022-03-12,Cachar,32.1,20.7,64.7,0.0,18.8,7.05,1010.5,36.2
2022-03-13,Dhemaji,32.6,18.8,79.5,11.8,24.3,5.81,1013.2,61.8
2022-03-14,Jorhat,32.9,20.8,67.2,36.3,24.0,6.5,1007.8,44.5
2022-03-15,Kamrup Metropolitan,34.8,21.1,78.6,0.0,20.8,5.77,1010.9,46.1
2022-03-16,Cachar,34.8,19.9,61.2,0.0,25.0,6.26,1011.7,39.9
2022-03-17,Dhemaji,34.6,22.4,69.0,0.0,14.1,5.0,1011.4,53.4
2022-03-18,Kamrup Metropolitan,34.6,21.2,79.1,0.0,13.0,6.19,1011.0,53.1
2022-03-19,Kamrup Metropolitan,29.1,21.4,60.8,14.5,13.7,7.33,1007.4,41.4
2022-03-20,Lakhimpur,29.8,19.5,70.6,17.0,24.3,7.16,1009.8,39.5
2022-03-21,Cachar,31.0,21.0,61.6,0.0,6.6,6.89,1011.9,52.6
2022-03-22,Jorhat,34.4,19.8,66.1,0.0,11.5,6.7,1011.4,44.7
2022-03-23,Jorhat,28.3,20.0,70.3,0.0,21.2,7.34,1014.7,55.2
2022-03-24,Cachar,30.4,22.4,60.3,0.0,5.5,6.42,1009.7,45.5
2022-03-25,Dibrugarh,32.2,22.5,67.7,0.0,21.5,6.11,1012.5,36.5
2022-03-26,Kamrup Metropolitan,31.5,18.3,64.4,41.1,14.1,7.81,1008.0,48.4
2022-03-27,Jorhat,30.9,18.1,69.6,0.0,10.7,7.05,1014.0,59.7
2022-03-28,Cachar,32.7,18.4,68.8,2.7,6.3,5.57,1011.0,41.1
2022-03-29,Lakhimpur,34.7,22.4,65.4,3.2,16.4,6.31,1011.6,35.2
2022-03-30,Cachar,34.1,20.8,79.2,0.7,15.9,5.27,1012.8,36.3
2022-03-31,Kamrup Metropolitan,30.3,20.9,69.1,0.0,20.1,7.34,1013.1,64.5
2022-04-01,Jorhat,30.5,22.9,73.7,0.0,6.5,5.36,1009.0,46.5
2022-04-02,Kamrup Metropolitan,28.4,19.7,75.3,8.0,25.6,6.95,1008.0,52.4
2022-04-03,Dibrugarh,32.2,21.6,66.3,7.5,21.7,5.89,1011.9,37.9
2022-04-04,Lakhimpur,31.3,22.6,61.5,0.0,9.8,5.87,1014.2,58.5
2022-04-05,Dhemaji,33.1,20.4,72.6,20.2,23.2,7.34,1007.6,35.5
2022-04-06,Jorhat,32.0,22.2,76.1,30.2,16.3,6.36,1007.8,55.8
2022-04-07,Lakhimpur,32.3,20.8,61.2,15.0,21.1,7.52,1010.2,64.8
2022-04-08,Dibrugarh,34.3,23.0,64.2,6.6,12.8,6.94,1011.6,49.5
2022-04-09,Kamrup Metropolitan,32.6,19.0,66.3,3.8,14.8,5.32,1008.7,59.8
2022-04-10,Cachar,29.8,21.5,71.3,0.0,7.7,6.84,1010.6,53.3
2022-04-11,Lakhimpur,28.4,21.5,63.7,5.8,7.4,6.27,1010.0,62.2
2022-04-12,Dibrugarh,34.6,18.9,69.4,1.4,15.6,6.62,1014.2,51.5
2022-04-13,Jorhat,29.9,20.5,62.4,0.0,17.2,5.79,1010.8,53.8
2022-04-14,Kamrup Metropolitan,32.0,18.9,65.4,0.0,16.8,5.62,1011.6,44.2
2022-04-15,Kamrup Metropolitan,28.6,18.4,63.4,10.9,22.3,5.97,1007.4,43.5
2022-04-16,Kamrup Metropolitan,30.2,19.5,65.3,0.0,21.2,6.39,1014.3,56.2
2022-04-17,Lakhimpur,34.5,23.0,74.4,5.1,23.5,7.4,1009.8,36.5
2022-04-18,Cachar,34.3,18.1,64.2,8.1,16.1,6.22,1011.9,62.4
2022-04-19,Jorhat,29.5,22.9,72.9,0.0,18.8,5.76,1014.8,58.5
2022-04-20,Jorhat,28.4,18.9,79.3,8.4,8.8,6.92,1009.0,56.8
2022-04-21,Jorhat,33.2,19.2,68.1,0.0,12.4,5.5,1013.5,58.5
2022-04-22,Cachar,33.9,18.9,79.1,0.0,7.2,5.85,1010.5,36.9
2022-04-23,Jorhat,32.2,20.4,70.9,39.1,27.1,8.74,1003.7,58.6
2022-04-24,Dhemaji,32.8,19.7,70.0,15.6,22.6,6.9,1011.8,38.6
2022-04-25,Dhemaji,31.1,18.4,73.7,4.0,21.1,7.52,1013.2,61.1
2022-04-26,Lakhimpur,32.9,21.7,73.6,4.4,19.8,7.36,1011.2,40.1
2022-04-27,Dhemaji,28.6,19.0,76.4,0.0,11.2,6.59,1011.9,47.1
2022-04-28,Lakhimpur,34.9,22.7,78.7,0.0,7.8,6.17,1010.8,56.2
2022-04-29,Jorhat,28.8,20.0,77.7,0.0,10.4,7.4,1010.5,55.4
2022-04-30,Lakhimpur,30.1,21.9,67.9,0.0,12.4,5.03,1011.1,51.3
2022-05-01,Kamrup Metropolitan,29.2,18.8,69.3,0.5,13.0,5.32,1011.8,47.5
2022-05-02,Lakhimpur,32.6,21.0,68.3,0.0,18.0,6.96,1011.5,40.9
2022-05-03,Kamrup Metropolitan,29.9,18.2,78.6,0.0,10.2,6.87,1009.0,44.3
2022-05-04,Cachar,28.4,19.0,68.4,0.0,19.8,5.0,1010.0,62.5
2022-05-05,Dhemaji,33.1,22.4,74.5,4.0,6.9,6.92,1012.9,44.2
2022-05-06,Kamrup Metropolitan,33.0,18.6,60.7,77.6,13.5,8.69,999.7,36.6
2022-05-07,Dibrugarh,31.2,21.7,73.7,0.0,5.6,7.19,1012.2,58.2
2022-05-08,Jorhat,34.9,20.4,79.7,0.0,22.2,5.62,1009.6,51.2
2022-05-09,Lakhimpur,31.7,22.3,66.5,0.0,6.4,5.3,1015.0,35.5
2022-05-10,Dhemaji,29.7,19.2,61.4,3.1,12.8,6.51,1013.8,43.7
2022-05-11,Jorhat,33.7,21.7,70.7,0.0,11.3,5.85,1013.0,56.3
2022-05-12,Dhemaji,34.4,21.6,65.7,5.9,22.9,5.29,1008.8,57.8
2022-05-13,Kamrup Metropolitan,34.7,19.2,77.2,0.0,20.4,7.13,1014.6,35.4
2022-05-14,Cachar,28.1,22.0,79.6,0.0,20.1,6.26,1011.7,61.4
2022-05-15,Cachar,32.9,19.0,68.9,0.0,7.4,6.64,1011.4,47.3
2022-05-16,Cachar,30.6,20.1,60.8,4.8,6.3,7.58,1009.4,63.6
2022-05-17,Cachar,34.6,18.7,75.3,0.0,11.9,7.45,1012.8,46.4
2022-05-18,Lakhimpur,29.0,22.7,78.4,32.8,15.0,7.88,1006.0,59.2
2022-05-19,Dhemaji,30.5,18.7,71.9,25.3,12.3,6.97,1007.0,39.0
2022-05-20,Jorhat,32.2,21.5,67.3,0.0,8.6,5.51,1009.7,49.1
2022-05-21,Lakhimpur,30.4,21.4,60.5,0.0,9.8,5.79,1011.3,36.7
2022-05-22,Lakhimpur,31.8,19.0,70.9,4.0,21.6,7.28,1010.5,46.9
2022-05-23,Kamrup Metropolitan,29.1,22.8,64.1,0.0,15.7,6.37,1010.2,61.5
2022-05-24,Jorhat,34.4,19.6,67.4,0.0,16.9,5.85,1014.3,63.6
2022-05-25,Kamrup Metropolitan,30.2,20.5,64.3,0.0,10.2,5.22,1012.7,49.6
2022-05-26,Lakhimpur,29.3,22.6,71.1,0.0,20.9,6.08,1014.0,44.4
2022-05-27,Jorhat,33.5,21.0,66.8,11.8,6.6,5.57,1007.6,57.3
2022-05-28,Dibrugarh,32.1,20.3,72.4,9.8,17.9,7.05,1010.4,41.6
2022-05-29,Kamrup Metropolitan,31.4,19.1,79.3,0.0,23.0,7.39,1012.2,47.8
2022-05-30,Lakhimpur,32.3,21.4,73.3,10.7,13.2,6.5,1009.4,36.6
2022-05-31,Kamrup Metropolitan,33.9,20.8,63.1,0.0,24.5,6.5,1012.4,56.9
2022-06-01,Dibrugarh,31.7,24.1,89.0,10.8,12.6,9.03,1008.5,95.3
2022-06-02,Cachar,28.7,25.5,81.6,82.5,16.6,15.96,1000.9,75.5
2022-06-03,Lakhimpur,27.6,22.6,85.2,40.1,27.6,13.72,1007.4,95.1
2022-06-04,Dhemaji,28.3,24.8,83.5,5.4,21.4,11.14,1013.1,94.6
2022-06-05,Kamrup Metropolitan,29.8,24.4,83.0,26.3,26.1,12.45,1009.6,99.1
2022-06-06,Dibrugarh,27.9,23.3,88.8,1.4,7.9,9.42,1013.2,82.2
2022-06-07,Lakhimpur,31.0,22.7,81.5,31.5,19.3,12.88,1006.4,83.1
2022-06-08,Jorhat,31.6,24.0,85.9,73.5,30.8,11.14,998.0,84.2
2022-06-09,Kamrup Metropolitan,30.1,22.3,85.8,61.4,20.3,12.31,1002.6,75.4
2022-06-10,Dibrugarh,27.4,22.4,95.1,15.1,7.7,9.68,1010.2,85.1
2022-06-11,Cachar,31.0,23.6,87.6,0.0,10.0,11.95,1009.6,86.4
2022-06-12,Lakhimpur,27.2,23.8,90.4,46.5,17.0,11.69,1002.6,79.5
2022-06-13,Jorhat,32.0,25.5,90.2,0.0,18.7,9.57,1010.7,85.5
2022-06-14,Dibrugarh,30.8,23.1,85.7,0.0,17.2,8.31,1012.3,84.6
2022-06-15,Lakhimpur,28.6,22.9,89.3,5.9,16.2,12.37,1013.3,97.2
2022-06-16,Jorhat,27.4,24.7,96.8,47.1,17.8,10.58,1007.2,87.5
2022-06-17,Lakhimpur,28.0,24.9,84.9,20.9,15.1,13.48,1007.7,84.3
2022-06-18,Jorhat,30.8,23.9,84.1,52.7,13.2,10.33,1007.0,79.8
2022-06-19,Lakhimpur,27.7,22.8,93.8,30.5,17.0,12.33,1009.3,70.6
2022-06-20,Kamrup Metropolitan,27.4,24.2,96.4,0.0,20.0,12.56,1014.6,74.0
2022-06-21,Dibrugarh,28.8,25.8,85.0,0.0,9.1,11.85,1013.8,93.0
2022-06-22,Dhemaji,28.6,23.6,84.4,12.5,13.0,13.75,1009.6,97.6
2022-06-23,Dibrugarh,31.0,23.7,95.7,11.0,21.2,13.65,1009.7,76.6
2022-06-24,Kamrup Metropolitan,27.7,23.0,85.3,142.0,32.5,14.95,988.4,78.7
2022-06-25,Cachar,27.3,24.3,95.9,9.1,19.9,11.65,1010.1,89.9
2022-06-26,Dibrugarh,31.7,22.5,94.4,39.0,26.0,13.69,1006.0,79.3
2022-06-27,Dibrugarh,29.9,25.2,95.6,0.0,18.9,10.61,1009.5,81.6
2022-06-28,Kamrup Metropolitan,32.0,23.7,82.0,1.7,8.3,12.07,1009.1,96.2
2022-06-29,Jorhat,28.6,23.6,89.0,100.6,25.3,15.6,998.2,88.5
2022-06-30,Cachar,29.4,22.9,83.0,0.0,14.7,13.17,1010.1,80.3
2022-07-01,Lakhimpur,29.3,23.0,86.3,0.0,17.7,10.87,1013.6,73.7
2022-07-02,Kamrup Metropolitan,27.1,25.1,82.4,34.7,24.1,12.72,1003.9,82.9
2022-07-03,Dhemaji,30.0,24.3,94.3,0.0,20.7,9.38,1011.9,85.3
2022-07-04,Jorhat,31.6,25.8,89.2,33.2,19.9,10.86,1005.7,98.8
2022-07-05,Lakhimpur,31.1,24.8,90.6,94.5,21.6,13.94,995.2,83.4
2022-07-06,Jorhat,28.6,22.3,85.5,186.9,41.9,20.67,981.0,80.0
2022-07-07,Dibrugarh,31.7,24.7,90.3,51.8,20.9,15.26,1005.4,93.6
2022-07-08,Cachar,30.7,26.0,85.2,42.5,28.8,12.63,1007.7,82.2
2022-07-09,Jorhat,31.2,22.2,84.9,6.0,8.3,9.86,1013.2,72.7
2022-07-10,Cachar,27.9,23.5,86.2,31.1,19.6,13.54,1006.4,84.5
2022-07-11,Jorhat,30.5,22.8,93.5,14.8,16.7,9.38,1011.8,75.6
2022-07-12,Cachar,30.5,24.6,95.7,15.4,14.3,11.09,1007.5,97.8
2022-07-13,Cachar,29.0,25.5,84.4,187.2,41.6,20.76,986.7,77.4
2022-07-14,Kamrup Metropolitan,31.4,22.6,83.1,17.1,23.1,9.34,1007.3,76.9
2022-07-15,Kamrup Metropolitan,27.2,25.8,92.8,0.4,15.5,12.22,1012.8,85.4
2022-07-16,Kamrup Metropolitan,28.2,24.7,92.9,51.4,22.1,10.54,1005.7,90.3
2022-07-17,Dhemaji,29.0,24.7,94.7,29.7,10.4,10.89,1005.0,98.1
2022-07-18,Lakhimpur,28.7,24.5,89.8,7.4,14.0,9.89,1012.1,77.2
2022-07-19,Cachar,29.5,22.6,95.6,112.9,30.6,14.82,994.2,83.3
2022-07-20,Jorhat,29.2,22.4,93.4,0.7,17.8,11.57,1014.9,75.5
2022-07-21,Lakhimpur,29.0,23.3,92.5,79.9,21.9,12.87,1001.4,94.3
2022-07-22,Jorhat,31.3,22.2,81.9,46.3,18.3,12.78,1005.5,83.7
2022-07-23,Cachar,29.4,23.3,90.4,120.9,18.1,15.97,992.3,89.0
2022-07-24,Lakhimpur,28.6,22.7,89.1,21.4,25.7,10.28,1011.0,83.9
2022-07-25,Lakhimpur,28.5,24.5,85.4,126.5,27.6,16.52,994.6,83.2
2022-07-26,Kamrup Metropolitan,29.3,24.1,80.6,56.0,21.5,10.69,1001.4,83.1
2022-07-27,Jorhat,31.0,22.7,81.9,8.6,8.0,13.17,1011.6,85.8
2022-07-28,Lakhimpur,27.6,25.0,91.6,20.9,25.1,12.25,1006.7,76.6
2022-07-29,Lakhimpur,31.7,24.4,95.0,68.1,24.6,11.34,1000.8,92.1
2022-07-30,Jorhat,29.3,25.2,90.9,58.4,19.0,15.83,1002.3,72.2
2022-07-31,Dibrugarh,27.3,25.3,91.6,0.0,23.2,8.71,1011.6,89.5
2022-08-01,Cachar,28.1,22.4,81.2,49.4,25.6,14.51,1007.3,95.7
2022-08-02,Dibrugarh,28.6,24.1,81.2,197.8,38.4,17.89,983.3,84.3
2022-08-03,Dhemaji,28.5,22.2,86.2,60.5,25.4,10.98,1005.8,70.4
2022-08-04,Cachar,27.4,24.7,94.8,0.0,9.9,10.32,1012.3,95.2
2022-08-05,Dhemaji,27.5,25.6,94.8,78.5,19.7,11.41,1000.5,95.3
2022-08-06,Dhemaji,30.8,24.3,83.4,11.5,23.0,9.47,1007.4,71.7
2022-08-07,Jorhat,27.5,22.8,98.0,0.0,13.8,9.56,1010.6,99.8
2022-08-08,Jorhat,29.9,25.0,92.2,12.7,19.8,10.45,1012.2,73.8
2022-08-09,Kamrup Metropolitan,27.4,24.1,86.2,21.9,8.6,12.19,1009.7,79.7
2022-08-10,Dibrugarh,27.3,25.0,95.3,0.0,5.7,11.52,1012.5,79.4
2022-08-11,Cachar,30.6,22.7,84.2,37.5,23.9,14.53,1006.4,76.4
2022-08-12,Cachar,30.2,22.9,82.8,63.3,20.3,13.8,1001.9,92.6
2022-08-13,Dibrugarh,27.0,25.9,96.3,3.1,22.9,12.71,1009.7,83.7
2022-08-14,Dibrugarh,31.5,22.7,97.4,33.2,12.1,14.53,1005.8,90.3
2022-08-15,Dhemaji,28.7,24.3,89.3,39.6,23.6,10.17,1008.1,82.7
2022-08-16,Jorhat,27.8,25.7,94.8,24.0,21.1,12.57,1009.2,86.1
2022-08-17,Lakhimpur,27.2,23.8,96.0,46.4,23.5,14.43,1006.1,99.7
2022-08-18,Cachar,30.4,22.9,82.4,0.0,21.3,9.51,1011.7,76.7
2022-08-19,Lakhimpur,29.2,23.8,85.6,79.0,30.4,16.31,1001.6,98.2
2022-08-20,Kamrup Metropolitan,29.4,25.5,84.9,0.2,20.8,8.9,1013.1,80.5
2022-08-21,Jorhat,30.1,22.6,94.8,14.7,8.6,12.18,1006.9,82.2
2022-08-22,Dibrugarh,31.6,22.7,80.1,90.1,18.7,12.03,996.0,82.4
2022-08-23,Dibrugarh,31.0,22.5,97.6,183.4,28.8,16.24,986.4,79.0
2022-08-24,Kamrup Metropolitan,28.3,22.4,87.2,0.0,7.8,10.83,1009.3,91.3
2022-08-25,Dibrugarh,27.4,22.2,82.2,0.0,13.9,13.11,1013.3,84.9
2022-08-26,Cachar,28.8,25.0,89.0,7.5,18.4,11.5,1013.0,79.0
2022-08-27,Dhemaji,31.0,24.4,96.0,29.1,10.8,12.49,1005.2,88.9
2022-08-28,Dhemaji,30.2,23.1,88.1,0.0,24.2,8.95,1010.2,88.7
2022-08-29,Kamrup Metropolitan,30.3,23.4,80.3,64.4,21.9,15.78,1000.5,89.0
2022-08-30,Lakhimpur,29.1,24.9,88.0,72.5,16.5,12.18,999.5,94.4
2022-08-31,Jorhat,27.3,24.3,90.8,73.9,26.4,11.12,998.2,86.2
2022-09-01,Dibrugarh,28.8,26.0,88.6,36.6,17.7,12.58,1007.8,97.5
2022-09-02,Cachar,30.6,24.5,81.5,13.5,16.1,9.92,1012.6,95.0
2022-09-03,Dhemaji,29.7,22.5,86.8,5.7,10.0,11.65,1009.1,83.4
2022-09-04,Dibrugarh,31.3,25.7,96.8,0.0,12.2,10.1,1012.8,70.8
2022-09-05,Cachar,27.5,25.9,83.1,57.4,24.2,11.65,1004.1,91.5
2022-09-06,Dibrugarh,27.5,24.0,80.4,0.0,21.0,9.21,1014.1,86.0
2022-09-07,Dhemaji,27.2,22.8,96.7,25.1,12.9,9.57,1011.2,91.1
2022-09-08,Cachar,29.0,25.9,91.7,74.5,30.4,11.15,1001.6,73.6
2022-09-09,Lakhimpur,31.1,23.6,97.0,0.0,23.2,12.25,1009.5,84.5
2022-09-10,Jorhat,28.1,25.3,83.9,0.0,8.7,13.33,1012.4,74.4
2022-09-11,Dibrugarh,29.7,24.3,91.6,0.9,5.4,13.32,1012.3,71.3
2022-09-12,Cachar,27.2,24.4,86.2,168.5,35.2,19.71,984.5,91.4
2022-09-13,Kamrup Metropolitan,30.8,23.9,82.7,57.5,13.9,11.25,1006.1,96.2
2022-09-14,Jorhat,30.8,24.3,84.8,0.0,9.1,8.66,1013.4,88.7
2022-09-15,Kamrup Metropolitan,27.7,24.2,89.8,0.0,7.0,10.3,1009.5,95.6
2022-09-16,Jorhat,27.6,24.9,81.8,53.7,23.2,12.11,1002.4,93.7
2022-09-17,Kamrup Metropolitan,30.8,25.2,86.9,29.8,10.3,9.44,1007.2,78.7
2022-09-18,Lakhimpur,27.5,24.0,94.7,151.3,28.0,16.88,991.4,98.5
2022-09-19,Lakhimpur,31.0,23.4,81.0,44.4,27.8,13.01,1007.8,98.0
2022-09-20,Lakhimpur,29.6,24.2,97.6,81.6,22.1,11.85,998.0,93.4
2022-09-21,Cachar,29.7,24.2,86.4,32.6,13.1,14.61,1006.9,81.3
2022-09-22,Jorhat,30.7,22.3,92.0,14.9,25.4,11.29,1012.3,78.6
2022-09-23,Lakhimpur,31.3,22.8,95.7,0.0,7.5,11.97,1010.1,79.6
2022-09-24,Jorhat,27.4,22.8,97.0,206.3,31.0,18.32,982.3,97.7
2022-09-25,Jorhat,29.3,22.2,93.1,41.3,25.9,10.76,1008.0,73.3
2022-09-26,Jorhat,30.6,22.5,90.6,60.5,17.3,11.52,1003.6,96.4
2022-09-27,Jorhat,29.1,25.7,91.5,89.0,31.4,14.13,1000.3,80.8
2022-09-28,Dhemaji,29.6,23.9,91.3,160.7,22.3,17.62,986.0,86.2
2022-09-29,Kamrup Metropolitan,30.7,24.9,82.4,99.5,22.4,12.83,995.6,79.0
2022-09-30,Dhemaji,29.3,22.8,90.2,57.7,18.2,11.97,1001.3,83.8
2022-10-01,Dhemaji,26.6,16.2,67.6,1.8,7.5,6.21,1014.6,39.8
2022-10-02,Jorhat,25.2,14.1,70.4,0.8,9.1,6.05,1014.9,27.3
2022-10-03,Cachar,27.2,14.6,78.8,0.8,23.0,7.44,1012.0,40.3
2022-10-04,Dibrugarh,24.5,17.8,68.9,0.0,7.5,6.3,1011.4,26.3
2022-10-05,Cachar,28.7,14.4,69.0,0.0,12.2,6.63,1011.4,25.4
2022-10-06,Dhemaji,25.9,14.2,67.6,0.0,14.9,5.64,1009.0,33.9
2022-10-07,Jorhat,24.9,15.5,77.6,0.0,23.4,6.8,1009.6,46.7
2022-10-08,Dibrugarh,27.6,16.0,71.2,1.5,16.3,5.94,1014.1,25.3
2022-10-09,Cachar,24.1,15.6,73.2,7.7,8.2,7.13,1013.0,45.9
2022-10-10,Cachar,25.0,15.8,78.5,0.0,23.8,7.23,1013.0,33.5
2022-10-11,Dibrugarh,26.3,17.3,79.4,0.0,15.8,6.74,1013.8,40.2
2022-10-12,Cachar,24.3,15.5,71.7,1.2,11.2,5.75,1013.3,38.4
2022-10-13,Dibrugarh,28.8,15.3,78.0,0.0,11.2,6.2,1013.7,27.1
2022-10-14,Cachar,27.2,14.7,73.5,0.0,22.0,5.53,1014.3,34.1
2022-10-15,Dhemaji,27.4,15.1,69.2,0.0,5.6,6.95,1012.7,39.4
2022-10-16,Kamrup Metropolitan,25.8,14.3,71.4,0.0,22.4,6.84,1010.4,32.9
2022-10-17,Kamrup Metropolitan,27.6,16.2,72.6,2.2,14.4,7.08,1010.4,29.2
2022-10-18,Cachar,27.2,16.6,77.4,0.0,16.9,5.65,1013.3,31.8
2022-10-19,Cachar,24.9,14.0,67.2,0.0,23.4,6.39,1010.9,36.2
2022-10-20,Jorhat,28.2,17.6,73.1,0.0,15.1,6.01,1009.4,45.0
2022-10-21,Dibrugarh,27.3,15.4,79.0,0.0,21.6,5.92,1014.8,26.0
2022-10-22,Cachar,24.5,14.7,75.4,0.0,24.8,7.28,1010.6,43.3
2022-10-23,Dibrugarh,26.1,16.6,75.9,0.0,22.0,5.78,1011.7,36.1
2022-10-24,Jorhat,28.3,16.7,78.2,0.0,11.6,7.25,1010.9,26.5
2022-10-25,Lakhimpur,25.5,17.0,68.1,0.0,22.7,5.88,1013.6,28.1
2022-10-26,Dibrugarh,28.0,15.1,78.3,1.2,19.7,6.22,1011.1,39.7
2022-10-27,Kamrup Metropolitan,25.3,16.4,75.8,0.0,16.2,7.26,1012.3,37.9
2022-10-28,Kamrup Metropolitan,28.8,17.5,75.6,10.0,8.9,6.4,1013.5,41.4
2022-10-29,Dhemaji,26.4,14.3,73.3,0.0,23.1,7.49,1010.1,35.8
2022-10-30,Kamrup Metropolitan,27.6,14.9,75.3,0.0,14.7,6.88,1013.2,47.1
2022-10-31,Lakhimpur,26.7,14.3,79.0,0.0,24.4,6.82,1013.3,45.6
2022-11-01,Dibrugarh,27.8,16.5,73.1,0.0,13.1,6.96,1014.8,40.7
2022-11-02,Dibrugarh,26.5,17.3,67.5,2.6,13.0,5.74,1011.3,42.6
2022-11-03,Jorhat,25.9,14.1,68.3,0.0,5.2,5.9,1009.5,27.0
2022-11-04,Jorhat,27.9,17.7,77.8,0.0,21.0,5.6,1012.1,44.6
2022-11-05,Dhemaji,28.2,16.9,79.7,0.0,8.7,5.95,1009.4,30.3
2022-11-06,Kamrup Metropolitan,27.6,16.9,66.2,3.6,11.9,7.36,1009.8,30.8
2022-11-07,Kamrup Metropolitan,25.3,16.7,78.3,0.0,24.3,6.71,1010.6,29.7
2022-11-08,Kamrup Metropolitan,24.4,16.2,72.5,0.0,16.7,6.38,1009.1,33.4
2022-11-09,Dibrugarh,24.1,15.1,73.3,0.0,17.2,6.07,1011.4,47.0
2022-11-10,Dhemaji,24.8,15.4,75.5,0.0,5.1,6.27,1009.5,35.5
2022-11-11,Jorhat,27.2,17.9,77.4,0.0,18.2,6.25,1014.5,48.1
2022-11-12,Dhemaji,24.4,16.7,71.2,0.0,14.1,5.6,1010.8,29.8
2022-11-13,Cachar,28.3,17.0,69.1,0.0,15.7,6.0,1012.6,48.0
2022-11-14,Jorhat,25.1,16.1,72.1,0.0,8.9,7.14,1009.5,47.5
2022-11-15,Kamrup Metropolitan,25.2,14.1,66.5,0.0,19.5,5.9,1009.7,34.3
2022-11-16,Lakhimpur,27.3,17.1,76.5,0.0,19.9,6.07,1011.6,26.8
2022-11-17,Jorhat,24.7,16.7,72.9,0.0,6.7,6.18,1011.7,47.7
2022-11-18,Dhemaji,25.1,16.4,75.5,0.0,8.8,6.5,1014.4,31.6
2022-11-19,Dibrugarh,24.4,17.5,69.8,1.6,11.6,6.04,1009.6,35.4
2022-11-20,Cachar,26.8,15.4,77.1,3.9,24.0,7.25,1010.8,32.6
2022-11-21,Kamrup Metropolitan,24.7,15.4,77.1,0.0,17.7,5.63,1010.5,28.3
2022-11-22,Dibrugarh,24.2,15.0,78.1,0.0,13.0,5.54,1010.8,37.9
2022-11-23,Lakhimpur,26.7,14.3,76.9,0.0,19.8,6.85,1013.0,45.1
2022-11-24,Lakhimpur,28.0,15.2,73.6,0.0,21.4,6.26,1014.6,32.6
2022-11-25,Lakhimpur,25.2,14.9,70.1,5.5,5.8,6.6,1009.1,30.5
2022-11-26,Dhemaji,25.2,15.9,73.9,17.4,18.2,7.97,1011.1,43.6
2022-11-27,Lakhimpur,26.7,17.4,72.1,0.0,18.3,5.52,1013.3,35.4
2022-11-28,Lakhimpur,24.0,15.0,79.1,0.0,14.5,5.73,1015.0,39.3
2022-11-29,Lakhimpur,26.2,17.0,80.0,0.0,8.5,5.73,1014.8,38.0
2022-11-30,Cachar,28.2,16.3,80.0,2.7,11.0,6.17,1013.4,29.0
2022-12-01,Lakhimpur,22.8,10.6,62.2,0.0,6.0,3.93,1012.6,22.8
2022-12-02,Cachar,21.4,11.7,59.1,0.0,15.1,3.58,1010.9,18.9
2022-12-03,Lakhimpur,22.0,11.9,68.8,0.0,7.5,4.35,1009.6,20.3
2022-12-04,Lakhimpur,22.3,9.4,69.2,1.1,7.3,3.69,1010.2,23.2
2022-12-05,Cachar,22.7,11.9,66.4,0.0,7.0,4.74,1009.3,24.1
2022-12-06,Cachar,24.0,10.4,52.6,0.0,14.6,4.9,1012.1,31.5
2022-12-07,Cachar,23.9,11.7,54.7,0.0,10.8,4.28,1014.1,13.1
2022-12-08,Lakhimpur,21.6,12.7,57.3,0.0,16.7,3.66,1012.5,26.8
2022-12-09,Dibrugarh,20.6,8.4,68.2,0.0,6.4,4.12,1010.4,21.2
2022-12-10,Kamrup Metropolitan,23.4,11.0,52.1,0.0,12.4,4.6,1010.4,34.8
2022-12-11,Kamrup Metropolitan,24.8,8.4,60.6,0.0,24.2,4.09,1012.0,14.5
2022-12-12,Lakhimpur,23.7,9.7,56.6,0.0,19.1,4.22,1009.2,14.5
2022-12-13,Kamrup Metropolitan,21.0,9.6,59.3,0.0,8.0,4.9,1012.1,15.2
2022-12-14,Lakhimpur,22.6,10.4,66.7,4.2,21.5,4.39,1011.5,12.8
2022-12-15,Kamrup Metropolitan,21.1,9.0,50.8,0.0,21.0,3.89,1014.1,11.3
2022-12-16,Dhemaji,24.5,8.3,51.2,0.0,18.4,4.47,1012.2,19.5
2022-12-17,Dhemaji,22.1,12.7,51.0,0.7,13.1,4.38,1012.8,25.4
2022-12-18,Lakhimpur,23.6,12.3,63.1,0.0,6.0,3.74,1012.4,11.3
2022-12-19,Dibrugarh,22.5,9.6,66.2,0.0,20.3,4.51,1009.8,11.2
2022-12-20,Lakhimpur,23.6,12.9,65.8,0.0,22.8,4.86,1012.8,12.3
2022-12-21,Cachar,23.4,11.5,69.1,0.0,11.0,4.1,1009.8,33.8
2022-12-22,Dhemaji,24.5,12.3,58.3,0.0,22.0,3.61,1010.8,24.4
2022-12-23,Lakhimpur,23.7,12.1,65.4,0.0,21.7,3.79,1014.1,23.4
2022-12-24,Lakhimpur,22.1,10.4,53.1,0.0,6.7,4.92,1014.6,16.0
2022-12-25,Dibrugarh,22.0,10.3,64.1,0.0,12.4,3.85,1013.1,26.5
2022-12-26,Lakhimpur,21.7,12.2,52.0,0.0,17.1,3.87,1013.3,10.4
2022-12-27,Cachar,24.3,9.2,51.6,0.0,24.2,4.62,1013.8,23.8
2022-12-28,Lakhimpur,20.4,11.7,62.3,0.0,17.7,3.51,1011.7,30.2
2022-12-29,Cachar,24.2,9.3,59.0,0.0,17.9,4.5,1009.9,29.6
2022-12-30,Dhemaji,20.4,11.4,65.7,0.0,11.1,3.7,1011.8,21.2
2022-12-31,Kamrup Metropolitan,22.5,8.6,66.1,0.0,15.4,4.85,1013.1,32.8
2023-01-01,Dhemaji,23.2,10.3,56.8,0.0,5.3,3.86,1009.1,33.1
2023-01-02,Dhemaji,20.4,10.5,53.7,0.0,11.7,4.46,1013.6,23.9
2023-01-03,Lakhimpur,22.4,11.2,50.4,3.2,7.1,4.56,1014.1,17.7
2023-01-04,Jorhat,22.3,8.2,56.2,0.0,24.4,4.76,1010.9,26.4
2023-01-05,Dhemaji,24.8,11.1,55.2,0.0,13.3,3.54,1013.3,16.1
2023-01-06,Cachar,22.0,9.0,60.3,0.0,16.4,4.71,1014.4,11.6
2023-01-07,Lakhimpur,22.5,11.9,61.7,0.0,8.4,4.65,1013.5,11.7
2023-01-08,Dibrugarh,22.3,11.4,53.2,0.0,18.4,4.61,1009.8,31.7
2023-01-09,Cachar,23.3,10.4,61.4,0.0,15.1,4.44,1009.5,25.7
2023-01-10,Jorhat,23.3,9.2,55.6,0.0,19.6,4.38,1010.7,22.7
2023-01-11,Jorhat,23.6,10.1,62.6,0.0,14.2,4.57,1010.6,11.3
2023-01-12,Lakhimpur,22.4,12.4,57.6,0.0,20.4,3.65,1010.3,21.9
2023-01-13,Dibrugarh,21.6,12.9,52.7,0.0,8.5,4.23,1009.9,21.9
2023-01-14,Dhemaji,23.0,10.8,59.7,0.0,7.6,3.76,1013.6,30.3
2023-01-15,Dhemaji,24.7,9.8,52.7,0.0,10.1,3.67,1011.4,33.3
2023-01-16,Jorhat,24.0,10.3,53.4,0.0,16.3,4.26,1013.3,13.7
2023-01-17,Jorhat,20.1,10.7,69.5,0.0,22.2,4.31,1012.3,34.2
2023-01-18,Kamrup Metropolitan,24.7,10.1,50.2,0.0,14.5,3.57,1012.7,23.6
2023-01-19,Dhemaji,23.3,10.2,66.4,0.0,5.9,3.68,1013.0,23.3
2023-01-20,Dibrugarh,20.8,9.6,58.8,0.0,10.1,4.89,1014.9,25.7
2023-01-21,Dibrugarh,23.6,10.2,55.1,0.0,6.6,4.5,1010.1,10.0
2023-01-22,Dibrugarh,22.2,10.2,67.9,0.4,6.5,3.7,1012.9,13.7
2023-01-23,Lakhimpur,20.5,11.8,62.1,0.0,9.2,3.58,1012.0,13.5
2023-01-24,Kamrup Metropolitan,24.6,12.7,61.1,1.3,18.0,4.99,1012.3,23.7
2023-01-25,Cachar,20.8,10.4,57.3,0.0,22.8,3.69,1009.2,20.8
2023-01-26,Jorhat,21.3,11.6,59.6,0.0,10.3,3.73,1009.0,21.0
2023-01-27,Lakhimpur,24.9,11.0,52.4,0.0,13.1,4.8,1010.2,15.8
2023-01-28,Cachar,21.0,9.1,64.8,0.0,23.8,4.36,1012.1,15.4
2023-01-29,Dhemaji,25.0,11.9,68.4,0.0,21.6,4.94,1011.1,13.6
2023-01-30,Kamrup Metropolitan,22.6,9.3,59.1,0.0,5.8,4.56,1012.0,33.5
2023-01-31,Lakhimpur,20.8,11.8,69.7,0.0,14.1,3.8,1012.2,31.9
2023-02-01,Lakhimpur,21.0,11.7,53.1,0.0,15.4,4.27,1010.8,12.6
2023-02-02,Dhemaji,23.0,8.6,51.6,2.2,13.8,4.19,1009.7,24.7
2023-02-03,Dibrugarh,24.2,10.9,62.4,0.0,19.4,4.84,1009.5,10.6
2023-02-04,Dhemaji,22.9,10.8,64.8,0.0,11.0,3.69,1012.8,10.5
2023-02-05,Jorhat,22.9,10.0,57.3,0.0,16.9,4.5,1011.5,34.3
2023-02-06,Lakhimpur,21.3,12.1,59.7,2.4,19.5,4.05,1009.8,14.5
2023-02-07,Lakhimpur,20.9,11.3,53.0,2.4,23.0,4.39,1012.9,28.4
2023-02-08,Kamrup Metropolitan,22.3,9.0,54.2,0.0,10.6,4.85,1009.8,15.3
2023-02-09,Dibrugarh,23.9,10.3,65.1,0.0,8.4,4.66,1014.0,31.1
2023-02-10,Lakhimpur,24.5,10.3,63.5,0.0,24.2,3.64,1010.9,17.3
2023-02-11,Dhemaji,22.4,9.8,68.3,0.0,18.0,4.06,1012.7,19.6
2023-02-12,Kamrup Metropolitan,21.5,9.7,56.2,0.0,7.8,4.37,1012.3,27.5
2023-02-13,Lakhimpur,22.2,9.7,52.8,0.0,13.4,4.24,1014.8,20.1
2023-02-14,Cachar,24.4,12.7,67.2,0.0,17.1,3.76,1012.0,16.8
2023-02-15,Kamrup Metropolitan,21.1,11.3,60.9,0.0,23.9,3.69,1011.5,13.2
2023-02-16,Dhemaji,24.4,10.8,53.7,0.0,14.8,4.24,1011.0,34.0
2023-02-17,Dibrugarh,21.2,11.9,51.1,0.0,12.1,4.26,1012.7,24.0
2023-02-18,Kamrup Metropolitan,21.4,12.2,58.6,1.0,14.2,4.12,1011.8,30.9
2023-02-19,Lakhimpur,23.9,9.8,58.1,0.0,24.8,3.79,1010.0,11.5
2023-02-20,Dhemaji,22.3,9.2,68.8,0.0,22.1,3.66,1012.2,24.3
2023-02-21,Lakhimpur,22.2,8.9,60.2,0.0,7.3,4.72,1013.3,28.4
2023-02-22,Lakhimpur,24.5,12.6,51.1,0.0,8.0,3.56,1013.5,19.2
2023-02-23,Dhemaji,21.1,12.7,59.8,0.0,18.5,4.6,1013.2,19.3
2023-02-24,Jorhat,23.4,10.1,64.6,0.0,19.5,3.61,1014.4,14.8
2023-02-25,Dibrugarh,24.4,12.1,57.5,0.0,20.7,4.6,1010.9,17.6
2023-02-26,Dibrugarh,24.2,12.2,65.4,0.0,22.8,4.71,1014.0,25.1
2023-02-27,Dhemaji,21.2,10.2,56.4,0.0,16.3,4.96,1009.9,21.0
2023-02-28,Cachar,21.7,11.4,57.5,0.0,5.8,4.11,1012.2,12.8
2023-03-01,Dhemaji,34.9,21.3,60.9,5.9,14.6,6.79,1010.1,36.7
2023-03-02,Dibrugarh,30.5,19.1,75.1,0.0,20.6,5.3,1009.1,49.5
2023-03-03,Cachar,28.5,22.1,75.0,0.0,17.8,6.79,1009.2,55.1
2023-03-04,Lakhimpur,30.1,19.6,73.4,0.5,20.3,6.84,1010.0,60.1
2023-03-05,Dhemaji,34.8,22.9,70.3,40.8,27.7,7.94,1003.9,43.7
2023-03-06,Jorhat,32.3,20.4,61.9,21.9,23.9,7.74,1006.1,44.4
2023-03-07,Kamrup Metropolitan,29.0,22.4,71.6,0.0,10.3,6.15,1013.3,60.3
2023-03-08,Lakhimpur,33.3,21.2,67.1,0.0,15.7,5.08,1014.0,51.6
2023-03-09,Lakhimpur,30.3,20.2,65.6,0.0,7.8,5.14,1012.8,39.3
2023-03-10,Cachar,31.9,22.7,60.1,20.7,15.6,8.09,1011.5,39.2
2023-03-11,Cachar,33.6,18.9,79.2,0.0,15.3,5.85,1013.4,61.2
2023-03-12,Dhemaji,29.1,21.4,62.7,24.6,8.4,8.46,1005.4,46.3
2023-03-13,Dibrugarh,32.6,18.8,73.8,0.0,10.2,6.06,1014.3,42.4
2023-03-14,Dhemaji,31.9,18.1,61.6,0.0,15.6,7.34,1013.7,61.0
2023-03-15,Cachar,28.7,21.6,70.1,18.5,7.4,6.36,1008.3,44.7
2023-03-16,Dhemaji,34.3,20.6,69.1,0.0,14.8,7.2,1011.1,35.4
2023-03-17,Dhemaji,31.5,21.4,67.8,0.0,9.1,7.39,1009.9,53.1
2023-03-18,Dhemaji,29.2,19.2,65.3,0.6,7.4,5.33,1009.6,64.6
2023-03-19,Jorhat,29.7,20.5,76.9,0.0,14.2,6.04,1011.2,53.5
2023-03-20,Cachar,29.8,22.7,78.1,12.5,20.8,6.39,1009.8,46.4
2023-03-21,Dhemaji,34.5,18.9,68.7,0.0,5.7,6.01,1012.2,38.8
2023-03-22,Kamrup Metropolitan,29.5,22.5,76.8,0.0,7.6,6.03,1013.1,42.1
2023-03-23,Lakhimpur,32.3,22.2,69.9,0.0,20.8,5.03,1010.8,44.1
2023-03-24,Cachar,28.9,20.9,68.2,16.2,6.9,7.85,1010.0,47.3
2023-03-25,Kamrup Metropolitan,30.2,22.9,63.9,0.0,5.6,5.89,1014.6,35.3
2023-03-26,Cachar,32.3,22.4,60.3,8.6,20.8,5.9,1008.3,46.7
2023-03-27,Jorhat,31.9,20.5,74.6,0.0,21.5,7.36,1010.7,49.5
2023-03-28,Cachar,31.1,20.5,77.0,0.0,16.5,6.23,1010.3,42.7
2023-03-29,Lakhimpur,31.4,18.2,66.2,0.0,18.4,7.03,1013.4,37.6
2023-03-30,Kamrup Metropolitan,32.8,21.0,75.4,8.9,14.6,6.54,1013.5,54.3
2023-03-31,Dhemaji,28.6,22.7,65.2,28.8,24.3,8.31,1009.3,58.2
2023-04-01,Lakhimpur,34.8,18.2,68.9,0.0,6.0,5.88,1012.4,64.9
2023-04-02,Dhemaji,34.3,18.8,67.6,0.0,10.6,6.56,1014.7,56.9
2023-04-03,Dibrugarh,32.2,18.3,77.9,11.3,6.9,7.13,1012.6,59.9
2023-04-04,Lakhimpur,29.8,22.9,78.0,0.0,23.7,5.07,1010.4,55.6
2023-04-05,Dhemaji,32.5,18.8,78.1,0.0,19.6,5.38,1013.3,62.7
2023-04-06,Lakhimpur,29.5,21.4,64.4,0.0,20.8,6.96,1014.0,58.5
2023-04-07,Kamrup Metropolitan,32.8,22.6,72.2,12.3,12.1,7.89,1011.4,53.8
2023-04-08,Kamrup Metropolitan,33.0,21.4,61.9,0.0,10.1,6.42,1013.2,45.9
2023-04-09,Cachar,28.4,21.4,76.9,7.6,21.8,6.61,1009.5,47.0
2023-04-10,Jorhat,34.3,20.5,76.8,24.2,23.9,6.99,1006.7,41.9
2023-04-11,Dhemaji,28.4,21.1,67.6,0.0,10.4,7.19,1013.9,60.5
2023-04-12,Cachar,34.8,22.9,65.4,0.6,19.2,6.79,1009.1,48.5
2023-04-13,Jorhat,29.0,18.6,63.5,48.4,16.6,8.67,1003.1,59.0
2023-04-14,Kamrup Metropolitan,30.3,22.3,62.5,8.5,6.0,6.33,1009.2,63.1
2023-04-15,Kamrup Metropolitan,29.5,19.2,62.6,18.9,18.0,5.93,1010.5,44.9
2023-04-16,Dibrugarh,30.6,20.4,66.3,0.0,18.2,5.53,1014.7,38.2
2023-04-17,Dhemaji,28.4,22.4,77.3,0.0,23.1,6.46,1009.5,64.3
2023-04-18,Lakhimpur,33.2,18.6,65.0,0.0,23.2,6.91,1014.8,46.6
2023-04-19,Kamrup Metropolitan,31.5,21.7,75.4,0.0,13.2,5.76,1010.7,64.2
2023-04-20,Kamrup Metropolitan,29.7,18.9,70.6,0.0,10.7,6.57,1009.0,38.5
2023-04-21,Lakhimpur,29.8,22.2,60.6,0.0,20.8,6.42,1009.8,51.8
2023-04-22,Cachar,30.8,22.8,70.8,0.0,12.5,5.3,1014.7,56.1
2023-04-23,Dibrugarh,28.8,19.5,75.6,6.8,23.6,5.88,1008.6,55.2
2023-04-24,Cachar,29.3,21.6,67.7,7.7,14.2,7.27,1010.7,63.9
2023-04-25,Dhemaji,30.5,18.3,73.7,0.0,14.7,5.49,1010.8,59.5
2023-04-26,Jorhat,34.4,22.9,64.0,2.2,5.3,5.23,1010.0,61.0
2023-04-27,Dibrugarh,30.0,18.7,64.8,0.0,12.9,6.3,1011.0,45.9
2023-04-28,Dhemaji,29.6,19.8,75.2,0.0,5.1,6.72,1014.6,52.0
2023-04-29,Lakhimpur,30.6,21.3,65.1,2.0,8.7,5.23,1013.3,44.2
2023-04-30,Lakhimpur,34.3,21.7,67.3,0.0,23.6,6.72,1013.8,64.4
2023-05-01,Dibrugarh,28.7,22.5,67.0,0.0,15.5,5.9,1010.2,38.8
2023-05-02,Lakhimpur,31.7,19.6,62.2,8.8,6.9,5.99,1007.7,62.3
2023-05-03,Dibrugarh,32.7,18.1,68.2,0.0,23.3,6.67,1013.8,41.5
2023-05-04,Jorhat,33.6,21.6,64.1,4.3,8.0,7.66,1010.3,38.1
2023-05-05,Lakhimpur,28.6,18.9,75.2,0.0,12.3,7.04,1012.7,35.4
2023-05-06,Jorhat,30.4,18.5,61.4,0.0,13.4,6.3,1011.4,57.3
2023-05-07,Kamrup Metropolitan,29.3,19.1,60.5,19.3,25.0,7.8,1010.1,58.9
2023-05-08,Jorhat,31.6,22.8,73.9,0.0,17.4,5.47,1012.9,58.1
2023-05-09,Dibrugarh,29.5,18.1,69.6,0.0,20.3,5.6,1015.0,38.7
2023-05-10,Cachar,31.6,20.4,65.4,0.4,22.4,6.53,1013.4,46.9
2023-05-11,Jorhat,28.4,18.5,63.7,6.3,19.1,6.61,1012.3,56.4
2023-05-12,Lakhimpur,34.0,20.3,74.9,0.0,14.2,7.01,1014.6,48.0
2023-05-13,Cachar,30.3,21.0,71.5,2.7,22.9,5.42,1008.9,35.8
2023-05-14,Dhemaji,28.2,20.3,72.9,0.0,8.9,5.12,1010.9,60.6
2023-05-15,Cachar,34.2,20.4,70.6,122.1,29.7,11.99,994.9,45.9
2023-05-16,Jorhat,31.1,21.9,72.4,1.8,20.1,5.46,1012.2,48.1
2023-05-17,Dhemaji,30.1,19.4,70.0,0.0,6.3,5.85,1014.0,44.7
2023-05-18,Jorhat,32.7,21.5,65.8,0.0,19.9,7.39,1010.1,58.0
2023-05-19,Cachar,32.0,19.8,65.5,0.0,21.9,5.92,1011.1,44.5
2023-05-20,Lakhimpur,29.5,18.0,64.8,0.0,12.0,5.95,1011.7,48.5
2023-05-21,Jorhat,34.7,22.4,66.4,0.0,17.6,6.86,1014.4,46.3
2023-05-22,Dhemaji,28.9,19.5,62.3,63.9,23.1,8.33,999.8,38.9
2023-05-23,Jorhat,29.7,20.3,60.4,15.4,19.6,6.65,1009.2,43.1
2023-05-24,Lakhimpur,32.1,19.3,79.7,0.0,17.7,5.6,1013.4,43.4
2023-05-25,Lakhimpur,34.6,18.7,72.9,0.0,23.0,7.39,1010.6,44.9
2023-05-26,Dhemaji,35.0,19.3,68.7,11.0,11.7,6.18,1010.0,35.5
2023-05-27,Lakhimpur,34.4,21.6,73.5,11.1,15.9,7.4,1008.0,39.7
2023-05-28,Jorhat,33.0,21.8,61.8,0.0,7.7,5.58,1011.8,40.4
2023-05-29,Lakhimpur,34.1,19.4,66.7,0.0,16.1,5.35,1012.7,35.7
2023-05-30,Dibrugarh,32.7,21.5,75.7,0.0,22.7,5.9,1011.7,64.0
2023-05-31,Dibrugarh,28.3,18.7,68.3,9.9,15.8,6.05,1012.3,45.7
2023-06-01,Lakhimpur,29.1,24.1,80.4,32.3,26.4,13.59,1004.3,90.4
2023-06-02,Kamrup Metropolitan,29.0,24.3,82.7,10.7,19.3,10.0,1012.3,98.7
2023-06-03,Dhemaji,31.0,24.6,87.2,39.6,10.9,14.0,1008.5,81.2
2023-06-04,Lakhimpur,28.8,22.3,83.0,271.6,37.3,21.96,972.2,80.7
2023-06-05,Jorhat,31.5,24.6,95.9,0.0,14.0,10.98,1010.6,97.6
2023-06-06,Kamrup Metropolitan,28.9,23.1,84.8,108.6,22.8,12.73,993.1,90.3
2023-06-07,Dibrugarh,27.8,23.3,81.9,1.0,21.1,12.47,1012.1,74.1
2023-06-08,Cachar,31.2,22.0,87.3,130.8,25.0,17.3,992.5,86.3
2023-06-09,Cachar,27.0,24.0,93.6,95.3,16.1,16.65,997.6,84.6
2023-06-10,Dibrugarh,31.4,23.7,96.4,0.0,24.2,8.58,1009.6,77.0
2023-06-11,Dhemaji,27.8,26.0,83.2,38.4,14.4,14.2,1008.4,70.6
2023-06-12,Cachar,29.3,23.0,96.1,43.0,28.2,15.1,1005.6,94.3
2023-06-13,Cachar,30.0,25.3,87.7,17.7,15.6,10.17,1006.9,86.1
2023-06-14,Jorhat,29.0,24.6,93.8,178.0,32.4,17.87,987.7,73.4
2023-06-15,Dibrugarh,27.8,25.5,87.8,29.2,19.1,9.36,1008.9,84.9
2023-06-16,Dibrugarh,31.1,25.8,82.4,37.9,11.7,10.69,1007.6,71.8
2023-06-17,Jorhat,29.0,25.6,98.0,239.8,37.3,22.44,976.9,81.8
2023-06-18,Lakhimpur,30.0,24.1,80.4,86.0,21.1,11.51,996.5,78.8
2023-06-19,Jorhat,29.1,23.8,86.3,54.3,28.5,14.49,1006.0,89.4
2023-06-20,Dhemaji,27.3,24.9,94.5,0.0,21.9,11.65,1012.2,82.8
2023-06-21,Lakhimpur,28.3,25.6,94.8,0.0,21.6,11.85,1012.7,91.8
2023-06-22,Kamrup Metropolitan,28.1,23.4,85.1,10.7,13.8,12.52,1013.3,77.6
2023-06-23,Jorhat,29.2,22.5,87.7,18.6,21.5,9.63,1006.4,78.5
2023-06-24,Kamrup Metropolitan,27.7,22.4,82.2,5.9,9.1,11.59,1013.9,75.9
2023-06-25,Dibrugarh,28.1,23.5,93.3,29.7,13.0,13.24,1006.0,73.4
2023-06-26,Cachar,31.0,25.2,82.3,28.0,18.9,10.06,1007.3,77.6
2023-06-27,Dhemaji,27.6,25.9,84.2,0.0,11.2,9.86,1013.0,74.3
2023-06-28,Cachar,29.3,22.1,82.1,0.0,15.2,8.62,1012.8,80.2
2023-06-29,Jorhat,28.6,22.1,89.0,36.3,15.4,10.32,1004.4,92.9
2023-06-30,Dhemaji,30.4,25.4,87.5,80.3,21.1,11.43,1002.0,73.7
2023-07-01,Dhemaji,30.1,23.2,81.6,78.4,25.4,12.86,999.0,83.8
2023-07-02,Dhemaji,27.7,23.7,86.9,42.0,22.3,14.31,1002.7,87.5
2023-07-03,Dibrugarh,31.7,22.2,89.1,48.3,26.9,14.99,1003.2,71.5
2023-07-04,Kamrup Metropolitan,27.4,22.5,83.3,39.5,19.5,15.04,1006.1,89.6
2023-07-05,Kamrup Metropolitan,30.4,23.9,82.2,13.3,16.4,8.89,1011.9,87.2
2023-07-06,Dhemaji,30.1,22.1,92.5,29.8,26.3,12.3,1005.3,89.5
2023-07-07,Dibrugarh,27.0,25.7,82.0,5.5,17.3,10.05,1010.8,81.2
2023-07-08,Kamrup Metropolitan,31.6,24.2,86.4,0.4,8.7,8.35,1011.3,82.9
2023-07-09,Cachar,31.9,24.0,80.2,8.3,24.7,10.1,1009.9,87.4
2023-07-10,Lakhimpur,28.7,22.1,86.5,41.7,12.1,14.46,1005.3,90.6
2023-07-11,Dhemaji,31.0,22.1,95.0,8.6,8.1,13.7,1012.9,88.1
2023-07-12,Cachar,30.1,25.3,82.8,49.6,29.6,13.25,1003.9,74.9
2023-07-13,Jorhat,30.6,22.4,83.7,8.8,13.2,12.74,1012.2,71.9
2023-07-14,Jorhat,29.0,25.5,96.7,0.0,9.9,12.75,1012.5,93.4
2023-07-15,Dhemaji,31.1,22.0,90.2,0.0,17.2,9.77,1014.1,89.3
2023-07-16,Jorhat,28.0,24.6,91.8,169.5,25.7,19.04,986.1,94.1
2023-07-17,Kamrup Metropolitan,30.4,24.4,87.1,17.0,20.4,9.61,1008.7,90.8
2023-07-18,Lakhimpur,30.8,24.6,91.5,44.3,28.3,9.83,1007.3,90.9
2023-07-19,Kamrup Metropolitan,29.3,24.6,92.2,0.0,20.8,11.44,1011.2,72.9
2023-07-20,Jorhat,31.7,25.7,89.5,71.0,18.1,13.24,1001.8,88.9
2023-07-21,Cachar,27.6,25.0,96.7,33.7,23.8,12.97,1007.6,97.4
2023-07-22,Dhemaji,27.2,24.6,84.9,112.9,23.9,15.18,995.5,79.2
2023-07-23,Dhemaji,28.8,22.5,80.7,18.2,17.2,10.07,1008.6,86.8
2023-07-24,Dhemaji,31.2,24.9,83.8,8.6,15.0,10.08,1007.9,99.3
2023-07-25,Dibrugarh,29.6,23.7,97.9,0.0,24.9,9.69,1010.8,73.3
2023-07-26,Lakhimpur,31.3,22.9,84.0,12.4,14.1,13.57,1010.2,95.6
2023-07-27,Dhemaji,28.3,24.0,80.5,7.8,16.1,13.19,1010.0,92.6
2023-07-28,Dibrugarh,30.9,25.1,93.0,12.6,21.4,10.36,1009.1,84.1
2023-07-29,Lakhimpur,30.1,25.4,94.4,2.3,17.3,10.18,1013.9,71.0
2023-07-30,Lakhimpur,31.4,23.2,81.6,151.7,26.7,16.15,990.5,87.3
2023-07-31,Dhemaji,28.8,25.7,94.4,31.2,24.2,11.96,1005.8,78.0
2023-08-01,Kamrup Metropolitan,30.1,24.3,87.2,56.8,19.2,13.3,1005.8,77.5
2023-08-02,Kamrup Metropolitan,31.5,24.9,90.5,64.3,25.2,15.74,1003.4,77.5
2023-08-03,Dibrugarh,30.9,24.2,91.9,21.4,11.1,11.5,1011.6,88.5
2023-08-04,Dibrugarh,27.9,24.5,87.6,39.0,12.6,9.91,1007.0,95.0
2023-08-05,Jorhat,29.5,22.7,82.3,148.4,38.0,17.26,990.6,89.8
2023-08-06,Cachar,28.7,22.9,88.9,17.8,12.1,11.65,1009.0,80.5
2023-08-07,Jorhat,30.9,24.5,90.8,43.4,10.3,12.98,1003.6,98.0
2023-08-08,Kamrup Metropolitan,27.6,24.7,92.6,0.0,21.3,12.01,1014.4,70.0
2023-08-09,Jorhat,29.8,25.4,88.7,12.7,16.4,13.06,1009.6,86.1
2023-08-10,Jorhat,30.0,23.9,96.8,4.4,17.1,10.93,1013.8,90.6
2023-08-11,Kamrup Metropolitan,31.0,22.0,91.4,49.9,25.8,11.75,1005.3,83.5
2023-08-12,Dibrugarh,29.9,24.1,84.8,0.0,12.7,13.1,1013.4,82.1
2023-08-13,Dibrugarh,27.5,25.0,84.0,3.2,12.1,12.51,1009.3,74.6
2023-08-14,Jorhat,28.7,24.8,92.6,66.9,20.7,13.38,1000.2,97.4
2023-08-15,Kamrup Metropolitan,31.2,23.6,92.9,115.1,23.6,13.79,997.7,94.2
2023-08-16,Dhemaji,28.3,25.1,87.8,22.1,18.5,9.87,1011.4,93.0
2023-08-17,Dibrugarh,28.4,23.2,89.4,59.9,16.8,12.49,1003.3,91.6
2023-08-18,Jorhat,27.4,23.7,97.0,70.3,24.2,11.3,1003.4,95.4
2023-08-19,Dibrugarh,30.1,25.2,97.4,34.6,21.1,12.54,1003.9,83.3
2023-08-20,Cachar,31.7,22.4,84.8,37.6,11.5,14.16,1004.9,85.2
2023-08-21,Jorhat,31.4,23.6,84.8,0.0,17.0,11.92,1012.0,86.7
2023-08-22,Kamrup Metropolitan,31.7,23.4,84.5,52.7,11.8,12.85,1007.0,99.7
2023-08-23,Cachar,28.0,23.4,94.6,65.4,19.3,14.83,1000.5,83.2
2023-08-24,Jorhat,31.9,23.2,88.3,61.6,12.3,13.44,1005.8,95.3
2023-08-25,Jorhat,31.4,23.3,87.1,0.0,10.9,11.08,1013.2,76.9
2023-08-26,Kamrup Metropolitan,31.2,22.7,95.4,63.8,15.3,13.41,1001.1,94.9
2023-08-27,Cachar,31.0,25.2,84.4,0.0,6.6,10.44,1013.7,89.0
2023-08-28,Dibrugarh,29.8,24.6,96.6,0.0,19.3,8.16,1012.7,75.3
2023-08-29,Jorhat,31.4,25.3,92.0,22.8,9.2,9.3,1009.4,87.4
2023-08-30,Kamrup Metropolitan,30.8,24.2,82.3,0.0,5.2,10.18,1010.9,75.4
2023-08-31,Kamrup Metropolitan,29.0,22.9,89.6,12.2,21.3,11.28,1007.8,74.7
2023-09-01,Lakhimpur,31.5,24.6,93.9,8.4,18.2,12.92,1010.0,70.2
2023-09-02,Lakhimpur,31.7,25.1,85.1,0.0,8.8,10.38,1013.2,94.9
2023-09-03,Cachar,32.0,23.1,90.4,65.6,19.3,11.53,1003.4,74.5
2023-09-04,Dhemaji,29.4,22.2,97.5,69.2,24.4,12.55,999.5,79.6
2023-09-05,Cachar,28.8,22.3,92.1,95.9,27.8,13.51,997.3,99.7
2023-09-06,Jorhat,29.4,25.3,97.2,143.0,28.6,18.72,991.7,85.4
2023-09-07,Dhemaji,27.8,23.3,90.7,57.0,24.5,12.46,1004.5,72.3
2023-09-08,Jorhat,30.1,25.2,96.2,53.8,17.6,10.18,1003.9,75.6
2023-09-09,Lakhimpur,27.8,25.3,90.3,48.2,22.1,11.08,1002.3,72.2
2023-09-10,Dhemaji,29.8,25.7,86.8,34.3,11.6,9.86,1007.1,88.3
2023-09-11,Lakhimpur,27.7,23.2,94.8,13.6,10.7,9.88,1008.5,89.3
2023-09-12,Lakhimpur,30.1,25.8,92.1,4.3,25.2,10.71,1014.0,96.7
2023-09-13,Dibrugarh,31.7,23.5,95.2,29.8,8.7,11.62,1008.1,89.0
2023-09-14,Cachar,28.1,23.2,94.2,9.5,15.0,8.62,1012.5,81.8
2023-09-15,Cachar,27.6,25.8,93.2,55.8,20.7,13.78,1004.8,94.8
2023-09-16,Lakhimpur,31.4,25.4,90.5,15.7,15.4,12.26,1011.7,91.3
2023-09-17,Kamrup Metropolitan,31.1,23.6,81.8,3.5,19.7,8.42,1012.9,81.4
2023-09-18,Dibrugarh,27.8,25.8,87.3,22.6,8.6,8.98,1008.7,74.6
2023-09-19,Jorhat,28.8,25.2,89.2,7.5,13.3,12.36,1010.9,81.9
2023-09-20,Dhemaji,27.3,22.7,96.4,40.4,16.2,13.95,1007.9,76.8
2023-09-21,Jorhat,29.5,22.8,93.3,66.2,31.3,12.0,1004.2,97.1
2023-09-22,Dhemaji,28.5,22.7,96.6,0.0,12.7,9.53,1012.4,84.1
2023-09-23,Cachar,30.0,25.5,80.9,26.8,21.0,9.94,1006.7,90.9
2023-09-24,Cachar,31.0,25.7,90.9,89.4,15.8,15.93,998.6,75.8
2023-09-25,Dibrugarh,30.4,25.1,89.6,49.0,14.9,11.06,1003.0,78.6
2023-09-26,Lakhimpur,31.6,23.5,96.2,137.2,36.1,18.61,990.6,78.1
2023-09-27,Dhemaji,27.6,22.2,87.4,47.6,23.5,12.06,1005.8,87.3
2023-09-28,Dhemaji,29.0,24.3,97.1,3.9,5.9,10.95,1010.3,79.9
2023-09-29,Jorhat,27.1,25.8,88.3,29.3,10.1,10.58,1008.6,70.3
2023-09-30,Dibrugarh,30.8,22.8,96.2,40.7,13.1,10.26,1005.9,82.0
2023-10-01,Cachar,28.6,16.0,79.5,22.7,11.6,8.14,1009.5,37.5
2023-10-02,Dibrugarh,26.4,16.0,68.2,0.0,14.2,5.84,1013.3,43.0
2023-10-03,Lakhimpur,25.3,14.7,70.1,0.0,10.4,6.65,1014.1,28.3
2023-10-04,Dhemaji,28.2,15.7,75.9,0.0,13.5,6.74,1011.7,34.9
2023-10-05,Kamrup Metropolitan,28.2,16.6,70.2,0.0,17.9,6.78,1011.0,48.3
2023-10-06,Dibrugarh,27.8,14.9,69.0,0.0,23.5,7.48,1009.9,29.9
2023-10-07,Jorhat,27.3,16.9,70.3,13.7,15.9,6.14,1011.9,43.9
2023-10-08,Dibrugarh,24.9,15.7,76.9,0.0,17.3,6.58,1011.2,49.9
2023-10-09,Jorhat,24.2,15.7,65.8,0.8,5.1,6.85,1009.4,41.2
2023-10-10,Jorhat,26.6,14.1,69.0,0.0,13.3,6.65,1014.6,48.1
2023-10-11,Dhemaji,27.9,17.9,72.0,2.9,17.2,6.47,1008.7,32.6
2023-10-12,Kamrup Metropolitan,24.6,17.3,68.8,0.0,14.2,7.41,1011.2,42.4
2023-10-13,Jorhat,27.2,16.9,77.9,0.0,16.5,7.49,1011.4,49.5
2023-10-14,Kamrup Metropolitan,27.3,15.6,78.4,1.4,22.9,7.55,1010.3,28.0
2023-10-15,Dhemaji,24.6,18.0,76.8,0.0,21.3,7.15,1009.5,42.0
2023-10-16,Cachar,24.0,14.2,78.6,0.0,22.4,6.97,1011.9,46.0
2023-10-17,Lakhimpur,24.8,15.6,70.5,0.0,17.9,6.83,1011.0,49.5
2023-10-18,Lakhimpur,25.4,17.1,68.1,10.0,15.9,7.06,1010.0,29.3
2023-10-19,Cachar,27.6,16.2,71.3,6.7,19.1,6.5,1013.3,48.4
2023-10-20,Jorhat,24.9,16.2,68.2,0.0,20.9,7.48,1014.8,45.0
2023-10-21,Lakhimpur,27.4,17.3,65.6,0.0,23.3,6.25,1011.3,28.7
2023-10-22,Dibrugarh,28.6,16.5,73.7,0.0,14.4,5.54,1009.9,28.2
2023-10-23,Dhemaji,24.6,14.8,65.4,0.0,17.3,6.06,1012.2,46.7
2023-10-24,Cachar,26.9,16.6,75.3,0.0,23.0,6.12,1014.7,39.2
2023-10-25,Dibrugarh,26.4,16.7,78.1,11.1,19.3,7.82,1009.1,26.3
2023-10-26,Lakhimpur,24.7,17.7,72.1,0.0,20.9,7.36,1011.7,38.3
2023-10-27,Cachar,27.7,17.0,75.0,0.0,16.0,6.68,1012.0,39.3
2023-10-28,Jorhat,27.7,16.4,67.7,0.0,23.6,6.17,1013.5,39.2
2023-10-29,Jorhat,26.4,15.6,70.9,0.0,13.8,5.75,1014.7,39.5
2023-10-30,Dhemaji,26.8,15.3,69.4,0.0,14.4,7.13,1013.9,36.3
2023-10-31,Jorhat,28.2,14.6,75.6,0.0,8.6,6.0,1014.5,42.2
2023-11-01,Cachar,26.4,17.5,65.5,0.0,19.6,7.03,1014.6,44.0
2023-11-02,Cachar,24.2,16.5,71.3,0.0,20.0,6.36,1014.6,49.2
2023-11-03,Jorhat,24.0,16.9,67.3,0.0,5.1,7.29,1014.9,41.3
2023-11-04,Dibrugarh,28.5,16.6,70.2,17.9,25.2,6.8,1007.2,39.1
2023-11-05,Cachar,25.5,16.5,72.0,0.0,22.9,6.24,1014.3,25.6
2023-11-06,Cachar,28.5,15.6,72.9,0.0,11.3,6.4,1010.5,44.4
2023-11-07,Jorhat,24.6,16.4,75.5,0.0,23.0,5.99,1013.9,46.9
2023-11-08,Lakhimpur,28.0,16.5,69.6,0.0,6.1,6.05,1014.9,30.1
2023-11-09,Dibrugarh,24.1,15.4,75.8,0.0,6.3,6.33,1009.6,25.4
2023-11-10,Jorhat,25.7,15.9,79.7,0.0,10.4,6.33,1012.2,31.6
2023-11-11,Dibrugarh,26.4,15.6,68.2,0.0,17.7,6.18,1011.8,38.5
2023-11-12,Lakhimpur,24.2,16.8,72.4,0.0,6.9,5.84,1013.5,27.6
2023-11-13,Cachar,29.0,16.7,74.7,0.0,5.3,7.22,1012.9,28.6
2023-11-14,Dibrugarh,25.2,16.5,71.9,0.0,16.3,5.53,1012.3,28.0
2023-11-15,Dibrugarh,25.4,17.7,78.0,0.0,22.1,5.64,1014.1,47.4
2023-11-16,Lakhimpur,28.4,15.0,69.2,0.4,9.7,7.11,1014.3,35.4
2023-11-17,Kamrup Metropolitan,26.3,17.2,77.4,0.0,13.1,6.54,1011.7,25.8
2023-11-18,Dhemaji,26.3,14.1,68.4,0.0,18.8,6.35,1011.8,46.5
2023-11-19,Dhemaji,27.6,16.7,72.1,0.0,22.0,6.25,1014.2,41.0
2023-11-20,Kamrup Metropolitan,24.7,16.5,69.5,0.0,19.3,7.28,1013.6,30.7
2023-11-21,Cachar,25.2,16.9,74.0,0.0,19.5,7.2,1012.9,35.7
2023-11-22,Lakhimpur,27.1,17.9,70.0,0.0,17.5,6.64,1010.9,47.7
2023-11-23,Kamrup Metropolitan,27.5,15.2,69.2,0.0,14.5,7.25,1013.0,46.7
2023-11-24,Dibrugarh,25.0,15.0,72.7,0.0,16.6,7.22,1013.6,36.8
2023-11-25,Dibrugarh,26.1,14.1,70.5,0.0,15.2,6.51,1009.8,33.4
2023-11-26,Dibrugarh,27.9,17.9,65.3,0.0,23.7,6.01,1009.1,26.0
2023-11-27,Dhemaji,26.5,17.5,66.3,0.0,21.5,6.86,1009.3,41.7
2023-11-28,Lakhimpur,26.0,15.2,71.8,3.9,23.8,6.52,1011.3,49.5
2023-11-29,Jorhat,24.2,16.4,77.0,0.0,18.3,7.49,1014.9,36.4
2023-11-30,Lakhimpur,24.8,17.8,75.0,0.0,12.1,6.82,1013.9,47.1
2023-12-01,Jorhat,22.7,8.8,55.0,0.0,6.6,4.71,1013.3,17.0
2023-12-02,Kamrup Metropolitan,24.5,9.2,68.2,0.0,6.1,4.96,1013.3,17.0
2023-12-03,Cachar,22.1,10.8,51.6,0.0,13.4,4.13,1013.7,30.0
2023-12-04,Jorhat,21.2,10.1,54.7,0.0,6.8,4.81,1013.2,27.8
2023-12-05,Jorhat,23.9,9.3,58.3,0.0,7.8,4.79,1013.2,13.2
2023-12-06,Kamrup Metropolitan,22.2,10.4,68.5,0.0,7.1,4.23,1013.9,24.5
2023-12-07,Jorhat,21.6,11.1,63.1,0.0,6.2,3.74,1013.7,28.5
2023-12-08,Kamrup Metropolitan,20.0,9.9,66.4,0.0,23.1,4.4,1012.0,25.2
2023-12-09,Jorhat,25.0,10.5,53.6,0.0,19.2,4.72,1010.5,29.4
2023-12-10,Kamrup Metropolitan,21.7,8.1,66.5,0.0,14.9,3.96,1013.9,24.2
2023-12-11,Lakhimpur,22.7,8.3,64.9,0.0,8.4,4.47,1010.7,22.6
2023-12-12,Cachar,21.0,12.9,53.1,0.0,20.9,4.39,1013.7,25.3
2023-12-13,Lakhimpur,20.4,9.5,53.9,0.0,15.7,4.07,1010.6,13.9
2023-12-14,Cachar,23.0,9.6,65.6,5.5,22.3,4.21,1009.1,31.0
2023-12-15,Lakhimpur,25.0,11.4,69.8,0.0,7.9,4.6,1013.9,19.7
2023-12-16,Dibrugarh,23.8,12.3,69.5,0.0,14.5,4.57,1015.0,19.9
2023-12-17,Dibrugarh,23.0,9.4,67.6,1.2,16.8,3.98,1009.8,16.7
2023-12-18,Lakhimpur,22.3,8.1,50.3,0.0,7.1,4.54,1009.3,33.6
2023-12-19,Dhemaji,22.9,12.3,66.1,0.0,6.0,4.57,1011.9,20.9
2023-12-20,Jorhat,23.7,11.7,55.0,1.6,21.9,3.69,1013.6,25.2
2023-12-21,Lakhimpur,21.6,9.2,50.2,0.0,15.6,3.71,1012.5,25.3
2023-12-22,Cachar,23.9,9.1,51.3,0.0,22.6,3.59,1012.8,29.2
2023-12-23,Kamrup Metropolitan,22.8,9.6,58.8,0.0,19.8,4.24,1013.2,25.5
2023-12-24,Dhemaji,25.0,8.4,52.5,0.0,22.4,4.8,1009.3,21.1
2023-12-25,Jorhat,23.8,12.8,51.1,2.7,16.5,4.25,1011.5,18.3
2023-12-26,Dhemaji,24.1,8.3,53.4,0.0,14.9,3.98,1010.3,26.5
2023-12-27,Dhemaji,22.0,10.9,61.7,0.0,11.2,4.26,1014.8,12.6
2023-12-28,Jorhat,20.0,9.0,68.8,0.0,12.8,5.0,1010.9,23.1
2023-12-29,Dibrugarh,21.7,10.3,53.8,0.0,22.1,3.91,1010.7,21.2
2023-12-30,Kamrup Metropolitan,21.9,12.5,50.2,0.0,9.5,4.22,1014.3,14.0
2023-12-31,Dhemaji,23.9,11.1,58.2,0.0,17.2,4.79,1009.5,27.5
